ID;1;,idade
2;de
3;de
4;5;cs Supervisor,53
6;r,53
7;r,53
8;
9;alist,44
10;18
11;
12;
13;
14;alist,44
15;st,44
16;er,60
17;18;s Supervisor,61
19; Supervisor,61
20;8
21; Supervisor,61
22;ervisor,61
23;nee,57
24;e,57
25;r,61
26;3
27;ager,21
28;,21
29;
30;er,20
31;
32;
33;
34;,31
35;
36;37;8
38;r,65
39;,61
40;
41;,19
42;,19
43;5
44;
45;
46;
47;t,29
48;49;65
50;5
51;52;1
53;ultant,28
54;,62
55;t,28
56;
57;
58;t,18
59;1
60;1
61;18
62;19
63;
64;
65;
66;8
67;se,60
68;69;70;rvisor,40
71;visor,40
72;r,40
73;r,69
74;r,40
75;,14
76;
77;
78;,40
79;0
80;r,60
81;9
82;n,34
83;84;85;tive,30
86;tive,30
87;1
88;
89;90;ervisor,36
91;92;ative,29
93;,29
94;istrator,62
95;29
96;Technician,22
97;hnician,22
98;
99;n,22
100;,22
101;,22
102;
103;104;9
105;
106;hnician,69
107;ian,69
108;
109;9
110;111;48
112;st,21
113;er,21
114;1
115;
116;,21
117;essor,14
118;14
119;,21
120;eer,55
121;
122;eer,55
123;21
124;3
125;,49
126;127;Supervisor,31
128;
129;isor,31
130;5
131;1
132;inistrator,34
133;istrator,34
134;
135;tor,34
136;tor,68
137;or,34
138;139;55
140;39
141;142;Representative,21
143;resentative,21
144;tative,21
145;146;3
147;
148;149;ager,54
150;,21
151;ian,18
152;153;er,32
154;155;ian,18
156;n,18
157;8
158;
159;Buyer,65
160;yer,65
161;
162;
163;
164;53
165;
166;
167;,49
168;169;170;171;172;
173;
174;er,65
175;
176;upervisor,43
177;ervisor,43
178;43
179;alist,19
180;6
181;6
182;list,19
183;
184;,19
185;,19
186;,19
187;er,45
188;189;,19
190;8
191;8
192;43
193;nician,41
194;195;38
196;197;,30
198;
199;
200;
201;202;19
203;
204;205; Nurse,43
206;
207;43
208;ainter,17
209;er,17
210;36
211;r,17
212;7
213;ff,50
214;
215;
216;
217; Manager,40
218;er,40
219;220;32
221;
222;Administrator,66
223;6
224;ltant,40
225;0
226;30
227;
228;,60
229;6
230;36
231;e,49
232;233;36
234;r,59
235;
236;s Supervisor,45
237;Supervisor,45
238;5
239;trator,59
240;
241;
242;
243;5
244; Specialist,31
245;246;,54
247;
248;
249;
250;
251;
252;
253;254;r,22
255;r,22
256;r,22
257;
258;259;ltant,47
260;261;
262;
263;
264;irector,40
265;266;ician,16
267;65
268;ician,16
269;270;an,16
271;
272;
273;16
274;275;oker,59
276;9
277;
278;er,10
279;,10
280;5
281;ultant,18
282;nt,18
283;8
284;er,19
285;286;287;28
288;289;
290;,55
291;
292;30
293;er,69
294;69
295;30
296;
297;
298;r,34
299;
300;
301;er,13
302;303;304;essor,58
305;,58
306;
307;8
308;309;
310;,62
311; Advisor,23
312;313;23
314;7
315;316;
317;
318;,62
319;0
320;
321;
322;
323;324;325;f,44
326;62
327;328;8
329;330;56
331;6
332;Nurse,48
333;
334;0
335;3
336;337;visor,52
338;ultant,43
339;340;3
341;3
342;,41
343;344;
345;,52
346;20
347;r,51
348;1
349;r,65
350;5
351;
352;
353;354;
355;
356;
357;358;visor,60
359;28
360;visor,60
361;362;2
363;364;entative,61
365;entative,61
366;ative,61
367;ive,61
368;r,29
369;370;61
371;tor,58
372;
373;
374;tor,58
375;1
376;nt,51
377;er,29
378;9
379;,51
380;
381;
382;383;rdinator,41
384;
385; Advisor,28
386;
387;388;389;43
390;391;392;
393;394;,68
395;,68
396;
397;,17
398;
399;
400;20
401;0
402;403;
404;t Staff,41
405;ff,41
406;,41
407;408;31
409;
410;
411;412;65
413;,58
414;415;ff,29
416;29
417;29
418;
419;
420;er,64
421;
422;dministrator,37
423;inistrator,37
424;rator,37
425;426;427;sor,53
428;6
429;430;
431;,53
432;r,39
433;53
434;435;
436;
437;3
438;ager,61
439;
440;cator,38
441;442;
443;444;,30
445;eloper,44
446;
447;or,40
448;0
449;
450;
451;r,22
452;
453;r,41
454;
455;
456;r,41
457;
458;459;47
460;
461;isor,67
462;,67
463;
464;er,11
465;
466;
467;
468;er,23
469;470;onsultant,62
471;onsultant,62
472;,62
473;or,20
474;0
475;7
476;
477;7
478;
479;2
480;
481;
482;
483; Coordinator,46
484;inator,46
485;2
486;upervisor,69
487;488;sor,69
489;490;
491;sor,69
492;r,69
493;rvisor,19
494;isor,19
495;
496;9
497;er,50
498;0
499;2
500;tics Supervisor,30
501;ics Supervisor,30
502;visor,30
503;504; Representative,30
505;esentative,30
506;,35
507;e,30
508;
509;essor,69
510;,69
511;512;,30
513;strator,58
514;515;rator,51
516;,44
517;
518;4
519;ogist,39
520;
521;
522;48
523;,30
524;inator,35
525;0
526;tor,35
527;or,10
528;529;
530;r,67
531;,29
532;533;,67
534;37
535;7
536;
537;,24
538;539;
540;
541;r,42
542;
543;ator,51
544;
545;ssor,15
546;15
547;548;30
549;ator,62
550;
551;e,26
552;7
553;
554;
555;ordinator,63
556;ator,63
557;ator,63
558;,65
559;,65
560;561;r,63
562;
563;37
564;
565;
566;
567;568;ntative,32
569;570;ervisor,31
571;
572;isor,31
573;nager,17
574;
575;sor,31
576;r,52
577;2
578;r,51
579;
580;581;65
582;
583;584;
585;
586;eloper,51
587;r,51
588;
589;,68
590;68
591;sor,31
592;visor,28
593;594;ineer,29
595;596;or,31
597;
598;,31
599;or,40
600;64
601;
602;r,31
603;,31
604;ator,49
605;ator,49
606;607;608;ve,39
609;Nurse,14
610;
611;per,59
612;613;e,39
614;39
615;2
616;66
617;9
618;r,64
619;9
620;istrator,44
621;ator,44
622;44
623;
624;essor,57
625;
626;sor,57
627;or,57
628;,24
629;
630;631;strator,52
632;52
633;56
634;,32
635;,32
636;52
637;
638;ker,10
639;2
640;nager,35
641;r,35
642;
643;
644;645;646;or,35
647;5
648;649;
650;or,36
651;or,36
652;
653;0
654;655;r Representative,68
656;ative,68
657;tive,68
658;fessor,61
659;
660;
661;
662;r,53
663;e,68
664;dvisor,69
665;
666;667;or,69
668;,12
669;r,69
670;19
671;
672;,69
673;er,18
674;er,18
675;
676;
677;
678;nsultant,13
679;tant,13
680;nt,13
681;
682;68
683;8
684;
685;r,32
686;
687;
688;32
689;icer,34
690;cer,34
691;
692;
693;epresentative,56
694;ative,56
695;30
696;30
697;ve,56
698;
699;roker,69
700;r,69
701;702;
703;ve,53
704;
705;re Specialist,53
706;Specialist,53
707;ecialist,53
708;709;enter Representative,67
710;Representative,67
711;tive,67
712;t,16
713;ve,67
714;nt Manager,55
715;55
716;tor,63
717;718;719;ogist,68
720;ist,68
721;722;alist,21
723;,21
724;
725;1
726;727;
728;
729;e,67
730;,67
731;,40
732;
733;or,38
734;eper,17
735;38
736;r,54
737;738;
739;2
740;
741;4
742;743;sor,18
744;745;,42
746;
747;,42
748;,42
749;
750;,42
751;
752;753;754;
755;756; Specialist,23
757;3
758;759;
760;tor,23
761;
762;763;e,56
764;56
765;766;ainee,47
767;
768;,11
769;770;771;
772;
773;774;775;eer,50
776;0
777;
778;r,17
779;7
780;781;782;Nurse,51
783;1
784;785;
786;
787;sor,20
788;0
789;e,53
790;0
791;
792;21
793;
794;
795;
796;
797;visor,65
798;
799;visor,65
800;801;visor,65
802;isor,65
803;6
804;6
805;er,23
806;807;,26
808;or,65
809;810;visor,65
811;visor,65
812;65
813;
814;
815;28
816;2
817;
818;
819;820;821;4
822;26
823;
824;
825;visor,19
826;n,36
827;
828;6
829;er,27
830;49
831;832;833;834;
835;inator,29
836;r,48
837;838;tor,29
839;
840;30
841;r,60
842;843;844;845;846;tative,66
847;,45
848;849;,45
850;ve,66
851;ator,54
852;4
853;,42
854;8
855;6
856;tor,21
857;
858;tor,21
859;
860;861;862;6
863;,29
864;55
865;29
866;
867;r,30
868;6
869;ician,47
870;55
871;an,47
872;
873;874;875;6
876;
877;,24
878;879;r,33
880;881;882;,33
883;,17
884;6
885;inator,60
886;nator,60
887;
888;r,60
889;
890;st,25
891;892;893;894;895;
896;Broker,39
897;9
898;899;
900;inator,14
901;inator,14
902;r,14
903;28
904;
905;,14
906;4
907;908;3
909;6
910;64
911;
912;
913;ant,58
914;
915;916;917;
918;dinator,12
919;2
920;,18
921;
922;923;924;925;
926;
927;928;ecialist,19
929;cialist,19
930;alist,19
931;7
932;933;nator,67
934;
935;936;67
937;,54
938;
939;940;ntative,20
941;,64
942;943;tive,20
944;ive,20
945;
946;
947;
948;alyst,47
949;47
950;
951;
952;
953;954;
955;956;957;
958;959;960;er,17
961;962;r,62
963;
964;r,47
965;67
966;7
967;
968;
969;970;971;
972;
973;
974;
975;976;977;978;
979;
980;er,11
981;
982;,15
983;
984;
985;
986;987;cs Supervisor,25
988;25
989;ician,56
990;cian,56
991;,56
992;
993;
994;28
995;
996;ant Buyer,48
997;998;1
999;5
1000;1001;
1002;,63
1003;63
1004;1005;ive,23
1006;neer,36
1007;36
1008;41
1009;1
1010;
1011;
1012;1013;ve,23
1014;23
1015;23
1016;ist,58
1017;58
1018;33
1019;
1020;
1021;
1022;3
1023;
1024;pervisor,63
1025;3
1026;isor,63
1027;nator,56
1028;isor,63
1029;sor,63
1030;visor,25
1031;
1032;r,54
1033;,54
1034;,63
1035;echnician,20
1036;,20
1037;,24
1038;,20
1039;
1040;
1041;0
1042;35
1043;
1044;37
1045;1046;
1047;
1048;1049;1050;
1051;63
1052;nistrator,65
1053;istrator,65
1054;1055;1056;or,65
1057;ee,11
1058;or,65
1059;5
1060;63
1061;1
1062;1
1063;
1064;
1065;
1066;
1067;isor,26
1068;1069;,26
1070;1071;
1072;67
1073;34
1074;7
1075;st,64
1076;7
1077;e,63
1078;
1079;
1080;1081;30
1082;
1083;53
1084;
1085;sentative,69
1086;,69
1087;ultant,63
1088;
1089;1090;
1091;1092;presentative,65
1093;presentative,65
1094;ative,65
1095;5
1096;
1097;r,35
1098;ative,65
1099;,33
1100;ive,65
1101;ecialist,53
1102;list,53
1103;3
1104;0
1105;3
1106;1107;7
1108;1109;,38
1110;1111;
1112;resentative,10
1113;resentative,10
1114;,31
1115;resentative,10
1116;entative,10
1117;tive,10
1118;er,29
1119;ive,10
1120;er,46
1121;1122;isor,55
1123;55
1124;,10
1125;10
1126;alist,32
1127;
1128;62
1129;
1130;8
1131;
1132;,29
1133;
1134;,50
1135;1136;isor,62
1137;,16
1138;,29
1139;,62
1140;3
1141;1142;3
1143;or,28
1144;56
1145;1146;,57
1147;1148;1149;
1150;
1151;
1152;3
1153;1154;or,50
1155;1156;entative,40
1157;1158;s Supervisor,55
1159;9
1160;or,55
1161;or,22
1162;,22
1163;ee,36
1164;36
1165;r,55
1166;ineer,34
1167;neer,34
1168;55
1169;,61
1170;r,65
1171;
1172;
1173;55
1174;,54
1175;ator,63
1176;,54
1177;1178;ve,17
1179;
1180;r,40
1181;
1182;e,17
1183;nter,49
1184;
1185;er,49
1186;1187;1188;1189;43
1190;1191;
1192;
1193;
1194;1195;isor,45
1196;sor,45
1197;16
1198;5
1199;1200; Supervisor,44
1201;2
1202;upervisor,44
1203;3
1204;1205;
1206;r,44
1207;
1208;
1209;nee,21
1210;
1211;1212;,40
1213;,40
1214;0
1215;44
1216;istrator,69
1217;tor,69
1218;or,69
1219;,69
1220;
1221;istrator,15
1222;
1223;ter,58
1224;4
1225;sk Coordinator,22
1226;oordinator,22
1227;dinator,22
1228;1229;,22
1230;er,45
1231;
1232;1233;
1234;,38
1235;
1236;1237;,22
1238;ogist,57
1239;ist,57
1240;st,57
1241;2
1242;3
1243;r,12
1244;
1245;1246;,26
1247;
1248;
1249;Director,65
1250;
1251;visor,14
1252;r,14
1253;1254;14
1255;
1256;,24
1257;24
1258;
1259;
1260;
1261;
1262;
1263;
1264;24
1265;1266;
1267;7
1268;
1269;ordinator,23
1270;1
1271;3
1272;sor,50
1273;1274;1275;
1276;1277;ministrator,63
1278;strator,63
1279;r,63
1280;
1281;
1282;istrator,57
1283;
1284;r,45
1285;45
1286;
1287;1288;gist,21
1289;
1290;1291;tor,32
1292;
1293;gineer,61
1294;neer,61
1295;
1296;53
1297;
1298;
1299;
1300;,21
1301;
1302;ector,63
1303;1304;
1305;nt,33
1306;8
1307;1308;1309;,22
1310;2
1311;
1312;
1313;er,38
1314;
1315;1316;
1317;1318;8
1319;1320;or,10
1321;,10
1322;8
1323;
1324;r,48
1325;48
1326;
1327;1328;gist,38
1329;1330;,59
1331;67
1332;,59
1333;1334;isor,36
1335;r,36
1336;
1337;
1338;,36
1339;
1340;r,57
1341;1342;1343;1344;,32
1345;6
1346;1347;2
1348;17
1349;1350;Engineer,12
1351;eer,12
1352;12
1353;
1354;
1355;ive,24
1356;st,38
1357;
1358;nator,39
1359;ator,39
1360;,15
1361;1362;ative,39
1363;ative,39
1364;tive,39
1365;e,39
1366;r,13
1367;,13
1368;
1369;,13
1370;1371;40
1372;1373;
1374;1375;,13
1376;13
1377;
1378;
1379;e,39
1380;Buyer,13
1381;3
1382;9
1383;50
1384;,11
1385;,50
1386;
1387;1388;1389;0
1390;rator,17
1391;rator,17
1392;r,17
1393;1394;f,55
1395;
1396;r,54
1397;4
1398;
1399;9
1400;55
1401;9
1402;nager,12
1403;2
1404;
1405;,48
1406;2
1407;rse,16
1408;
1409;1410;2
1411;t,25
1412;1413; Supervisor,23
1414;rvisor,23
1415;9
1416;1417;Buyer,25
1418;1419;rvisor,24
1420;14
1421;21
1422;or,24
1423;4
1424;taff,60
1425;42
1426;
1427;6
1428;4
1429;ve,19
1430;ger,36
1431;
1432;
1433;9
1434;16
1435;1436;s Supervisor,51
1437;pervisor,51
1438;1439;ics Supervisor,28
1440;visor,28
1441;t,14
1442;8
1443;hnician,65
1444;an,65
1445;
1446;nator,48
1447;r,48
1448;8
1449;cialist,52
1450;list,52
1451;ker,36
1452;er,36
1453;52
1454;
1455;52
1456;or,69
1457;
1458;t,43
1459;,30
1460;0
1461;32
1462;
1463;
1464;1465;43
1466;or,43
1467;or,43
1468;43
1469;1470;
1471;essor,31
1472;essor,31
1473;or,31
1474;20
1475;
1476;38
1477;1478;list,33
1479;1480;ist,33
1481;ist,33
1482;
1483;
1484;1485;6
1486;1487;,17
1488;1489;1490;neer,26
1491;
1492;4
1493;
1494;1495;16
1496;
1497;1498;
1499;
1500;st,18
1501;8
1502;1503;1504;1505;,65
1506;,14
1507;
1508;
1509;
1510;
1511;
1512;
1513;,65
1514;er,60
1515;,60
1516;65
1517;6
1518;1519;,64
1520;1521;8
1522;16
1523;r,49
1524;9
1525;1526;1527;visor,69
1528;1529;1530;1531;ator,40
1532;40
1533;1534;,65
1535;
1536;
1537;
1538;or,20
1539;0
1540;eer,47
1541;47
1542;0
1543;
1544;rvisor,35
1545;or,35
1546;or,35
1547;7
1548;,35
1549;5
1550;5
1551;
1552;1553;5
1554;chnician,45
1555;
1556;hnician,45
1557;
1558;hnician,45
1559;45
1560;5
1561;nt  Advisor,62
1562;or,62
1563;
1564;sentative,68
1565;
1566;68
1567;Specialist,46
1568;6
1569;erator,40
1570;
1571;
1572;,56
1573;
1574;
1575;er,43
1576;1577;1578;,68
1579;8
1580;1581;68
1582;or,22
1583;
1584;r,64
1585;68
1586;visor,57
1587;1588;rator,63
1589;r,63
1590;
1591;1592;or,24
1593;
1594;
1595;r,15
1596;1597;5
1598;1599;urse,11
1600;1601;pervisor,49
1602;ger,65
1603;r,65
1604;visor,49
1605;
1606;ssor,63
1607;
1608;fessor,23
1609;
1610;ologist,30
1611;t,30
1612;30
1613;,30
1614;,30
1615;56
1616;1617;
1618;
1619;inter,50
1620;
1621;1622;er,27
1623;31
1624;
1625;er,27
1626;
1627;
1628;
1629;
1630;st,30
1631;
1632;
1633;1634;,62
1635;68
1636;1637;1638;Painter,67
1639;,67
1640;1641;
1642;7
1643;r,52
1644;52
1645;7
1646;3
1647;1648;9
1649;28
1650;
1651;
1652;1653;1654;
1655;1656;r,44
1657;1658;isor,52
1659;
1660;1661;
1662;
1663;st,27
1664;
1665;59
1666;
1667;49
1668;9
1669;
1670;r,42
1671;
1672;
1673;r,42
1674;
1675;49
1676;cs Supervisor,21
1677; Supervisor,21
1678;visor,21
1679;isor,21
1680;er,65
1681;1682;sor,21
1683;r,30
1684;r,30
1685;21
1686;
1687;isor,61
1688;1
1689;
1690;
1691;
1692;r,40
1693;1694;
1695;
1696;r,40
1697;
1698;2
1699;
1700;1701;
1702;
1703;
1704;1
1705;
1706;9
1707;ve,60
1708;ian,24
1709;6
1710;,60
1711;ordinator,49
1712;ator,49
1713;4
1714;
1715;
1716;er,49
1717;,49
1718;1719;
1720;9
1721;30
1722;
1723;
1724;,60
1725;an,19
1726;9
1727;er Representative,64
1728;ntative,64
1729;49
1730;1731;ve,64
1732;2
1733;,26
1734;4
1735;
1736;1
1737;er,58
1738;1
1739;66
1740;
1741;1742;
1743;sor,10
1744;0
1745; Director,39
1746;rector,39
1747;1748;isor,17
1749;r,17
1750;9
1751;epresentative,67
1752;ntative,67
1753;,67
1754;trator,29
1755;
1756;isor,49
1757;isor,49
1758;
1759;,49
1760;,49
1761;1762;1763;1764;sultant,67
1765;nt,67
1766;r,69
1767;,67
1768;
1769;
1770;r,36
1771;
1772;
1773;
1774;
1775;1776;37
1777;1778;epresentative,53
1779;
1780;epresentative,53
1781;ive,53
1782;
1783;r,37
1784;,37
1785;ive,53
1786;ctor,18
1787;18
1788;nee,14
1789;
1790;1791;ive,53
1792;ive,53
1793;or,31
1794;
1795;2
1796;
1797;r,47
1798;
1799;
1800;1801;9
1802;
1803;ve,50
1804;1805;10
1806;1807;er,26
1808;e,50
1809;st,45
1810;
1811;,13
1812;t,45
1813;
1814;1815;
1816;50
1817;1818;
1819;
1820;ker,28
1821;
1822;1823;upervisor,24
1824;or,24
1825;36
1826;
1827;,24
1828;,59
1829;1830;tative,17
1831;17
1832;inator,44
1833;
1834;inator,44
1835;44
1836;
1837; Manager,21
1838;ager,21
1839;1
1840;6
1841;
1842;sultant,35
1843;1844;1845;ant,46
1846;ant,46
1847;6
1848;1849;,31
1850;1851;presentative,46
1852;,46
1853;or,45
1854;r,45
1855;
1856;
1857;
1858;1859;er,53
1860;,46
1861;40
1862;1863;,46
1864;
1865;ervisor,65
1866;or,65
1867;1868;1869;r,65
1870;1871;1872;  Advisor,12
1873;1874;r,21
1875;1876;6
1877;1878;Supervisor,37
1879;upervisor,37
1880;0
1881;sor,37
1882;or,37
1883;1884;ve,67
1885;
1886;
1887;37
1888;1889;67
1890;6
1891;
1892;
1893;1894;
1895;
1896;8
1897;5
1898;
1899;8
1900;8
1901;1902;
1903;
1904;er,67
1905;
1906;6
1907;
1908;67
1909;sor,65
1910;65
1911;5
1912;
1913;rvisor,44
1914;
1915;1916;1917;2
1918;67
1919;sor,48
1920;
1921;
1922;gineer,51
1923;1924;essor,56
1925;
1926;st,18
1927;t,18
1928;,18
1929;
1930;
1931;1932;1933;r,32
1934;1935;32
1936;,37
1937;7
1938;1939;9
1940;,46
1941;32
1942;,46
1943;9
1944;r,27
1945;1946;9
1947;ics Supervisor,21
1948; Supervisor,21
1949;isor,21
1950;ngineer,24
1951;er,24
1952;sor,21
1953;
1954;
1955;or,21
1956;5
1957;cator,68
1958;
1959;5
1960;1961;1962;
1963; Representative,60
1964; Representative,60
1965;ative,60
1966;10
1967;1968;or,55
1969;
1970;
1971;ve,60
1972;,17
1973;8
1974;1
1975;1
1976;1977;pervisor,56
1978;or,56
1979;,31
1980;
1981;
1982;,31
1983;
1984;23
1985;3
1986;
1987;
1988;t,18
1989;18
1990;18
1991;8
1992;8
1993;
1994;
1995;31
1996;r,56
1997;tor,31
1998;
1999;r,31
2000;32
2001;2
2002;
2003;2
2004;r,31
2005;
2006;,31
2007;eer,18
2008;
2009;
2010;,65
2011;2012;,51
2013;33
2014;,51
2015;2016;
2017;r,56
2018;56
2019;
2020;ector,13
2021;or,13
2022;2023;st,46
2024;46
2025;ker,56
2026;56
2027;
2028;6
2029;6
2030;
2031;
2032;
2033;
2034;r,56
2035;r,17
2036;
2037;r,17
2038;
2039;
2040;
2041;17
2042;
2043;tor,31
2044;31
2045;4
2046;
2047;
2048;
2049;
2050;1
2051;
2052;2053;rdinator,42
2054;nator,42
2055;4
2056;r,42
2057;r,42
2058;st,37
2059;2
2060;,15
2061;2062;,56
2063;r,59
2064;
2065;or,29
2066;6
2067;r,29
2068;
2069;
2070;6
2071;rdinator,13
2072;nator,13
2073;3
2074;tor,13
2075;,12
2076;,13
2077;
2078;
2079;
2080;,23
2081;23
2082;
2083;2084;13
2085;
2086;ative,37
2087;
2088;strator,15
2089;5
2090;Advisor,14
2091;
2092;er,58
2093;
2094;
2095;nistrator,27
2096;tor,27
2097;taff,46
2098;
2099;r,27
2100;t,19
2101;27
2102;,43
2103;
2104;
2105;cs Supervisor,54
2106;visor,54
2107;or,54
2108;ker,68
2109;4
2110;ant,67
2111;
2112;
2113;2114;
2115;7
2116;2117;7
2118;2
2119;
2120;
2121;
2122;2123;e,64
2124;
2125;4
2126;ainter,67
2127;nter,67
2128;er,67
2129;2130;
2131;f,56
2132;
2133;r,18
2134;
2135;,18
2136;
2137;
2138;
2139;dinator,29
2140;,29
2141;or,21
2142;,21
2143;
2144;port Staff,69
2145;2146;r,58
2147;2148;
2149;2150;2151;nsultant,21
2152;1
2153;2154;ian,11
2155;2156;,11
2157;or,65
2158;2159;2160;essor,57
2161;r,57
2162;57
2163;
2164;7
2165;r,35
2166;,35
2167;6
2168;35
2169;
2170;
2171;2172;0
2173;2174;0
2175;2176;
2177;2178;ian,35
2179;an,35
2180;40
2181;2182;chnician,61
2183;hnician,61
2184;
2185;or,19
2186;
2187;r,37
2188;2189;7
2190;7
2191;7
2192;
2193;15
2194;
2195;Engineer,32
2196;r,32
2197;
2198;2199;2200;,13
2201;
2202;3
2203;3
2204;2205;
2206;s Supervisor,56
2207;pervisor,56
2208;4
2209;sor,56
2210;ogist,68
2211;r,56
2212;r,56
2213;r,56
2214;dvisor,15
2215;isor,15
2216;47
2217;56
2218;oordinator,15
2219;oordinator,15
2220;or,15
2221;48
2222;8
2223;,15
2224;
2225;
2226;
2227;2228;or,53
2229;
2230;dvisor,42
2231;6
2232;inator,20
2233;nator,20
2234;r,20
2235;
2236;20
2237;6
2238;20
2239;0
2240;2241;2242;2243;,66
2244;6
2245;2246;4
2247;6
2248;,16
2249;2250;2251;ntative,50
2252;
2253;50
2254;
2255;t,33
2256;
2257;
2258;
2259;
2260;2261;anager,25
2262;
2263;2264;,28
2265;
2266;ter Representative,37
2267;Representative,37
2268;Representative,37
2269;epresentative,37
2270;
2271;resentative,37
2272;50
2273;sentative,37
2274;or,15
2275;entative,37
2276;ive,37
2277;tant,19
2278;
2279;
2280;tant,19
2281;38
2282;,19
2283;er,66
2284;66
2285;6
2286;
2287;
2288;neer,55
2289;eer,55
2290;e,37
2291;tor,59
2292;2293;,29
2294;
2295;ist,58
2296;
2297;pervisor,28
2298;r,28
2299;rdinator,68
2300;inator,68
2301;tor,68
2302;r,28
2303;ctor,16
2304;2305;or,16
2306;16
2307;r,28
2308;nter,24
2309;,24
2310;
2311;32
2312;
2313;
2314;
2315;isor,56
2316;
2317;2318;
2319;
2320;Manager,52
2321;r,28
2322;nator,36
2323;
2324;
2325;
2326;
2327;entative,29
2328;
2329;tative,29
2330;e,29
2331;nalyst,12
2332;2
2333;
2334;
2335;2336;60
2337;2338;2339;2340;
2341;st,44
2342;2343;2344;44
2345;ngineer,48
2346;44
2347;24
2348;
2349;2350;
2351;6
2352;2353;r,46
2354;44
2355;
2356;2357;taff,29
2358;
2359;
2360;rator,66
2361;
2362;
2363;1
2364;1
2365;inee,44
2366;
2367;ger,21
2368;1
2369;2370; Supervisor,47
2371;visor,47
2372;ist,21
2373;visor,47
2374;
2375;tory Technician,45
2376;ry Technician,45
2377;an,45
2378;5
2379;strator,25
2380;tor,25
2381;9
2382;
2383;9
2384;r,25
2385;,50
2386;,25
2387;taff,40
2388;,40
2389;5
2390;ist,51
2391;
2392;or,21
2393;r,68
2394;2395;8
2396;8
2397;,21
2398;per,17
2399;21
2400;
2401;isor,50
2402;0
2403;ger,13
2404;2405;3
2406;
2407;
2408;ist,35
2409;ist,35
2410;35
2411;
2412;ician,30
2413;30
2414;2415;nsultant,50
2416;t,50
2417;2418;alist,62
2419;
2420;2421;ervisor,35
2422;
2423;visor,35
2424;isor,35
2425;trator,24
2426;rator,24
2427;,13
2428;2429;2430;4
2431;
2432;ee,37
2433;4
2434;,38
2435;
2436;35
2437;ics Supervisor,64
2438;cs Supervisor,64
2439;
2440;ry Technician,41
2441;an,41
2442;2443;chnician,27
2444;ician,27
2445;
2446;
2447;ian,27
2448;2449;,14
2450;r,22
2451;
2452;,22
2453;
2454;2455;2456;r,13
2457;cator,44
2458;2459;13
2460;oker,39
2461;,39
2462;
2463;er,50
2464;8
2465;,50
2466;2467;19
2468;
2469;ator,22
2470;2471;5
2472;ive,14
2473;ve,14
2474;ager,61
2475;61
2476;0
2477;2478;
2479;
2480;
2481;55
2482;55
2483;
2484;29
2485;29
2486;,48
2487;2488;4
2489;nt,32
2490;or,36
2491;36
2492;7
2493;t,32
2494;2
2495;r,44
2496;
2497;
2498;2499;17
2500;
2501;t,66
2502;
2503;,66
2504;
2505;or,17
2506;17
2507;
2508;2509;2510;
2511;17
2512;2513;
2514;
2515;
2516;2517;ator,33
2518;
2519;rvisor,43
2520;veloper,53
2521;
2522;dinator,31
2523;
2524; Representative,40
2525;ative,40
2526;63
2527;tive,40
2528;49
2529;,54
2530;49
2531;2532;
2533;49
2534;2535;
2536;
2537;ive,40
2538;nager,41
2539;
2540;ntative,15
2541;
2542;ntative,15
2543;2544;tics Supervisor,13
2545;rvisor,13
2546;17
2547;
2548;2549;2550;2551;neer,16
2552;
2553;2554;se,26
2555;
2556;visor,13
2557;sor,13
2558;
2559;r,44
2560;r,44
2561;
2562;44
2563;
2564;
2565;ker,22
2566;2567;47
2568;
2569;
2570;sor,13
2571;or,13
2572;nsultant,26
2573;ultant,26
2574;or,13
2575;hnician,40
2576;an,40
2577;tor,62
2578;,62
2579;2580;,40
2581;13
2582;an,44
2583;er,16
2584;r,16
2585;
2586;
2587;2588;taff,40
2589;,44
2590;,32
2591;2592;nager,62
2593;2
2594;2595;
2596;44
2597;
2598;
2599;9
2600;2601;visor,63
2602;r,36
2603;,37
2604;7
2605;or,63
2606;,40
2607;
2608;
2609;r,13
2610;35
2611;13
2612;,63
2613;st,17
2614;gineer,68
2615;ineer,68
2616;
2617;st,17
2618;63
2619;t,17
2620;,22
2621;
2622;
2623;2624;
2625;,64
2626;2627;
2628;66
2629;
2630;2631;2632;
2633;
2634;t,48
2635;ager,24
2636;4
2637;t,48
2638;63
2639;2640;pecialist,35
2641;alist,35
2642;
2643;ist,39
2644;39
2645;Broker,41
2646;,41
2647;9
2648;
2649;
2650;5
2651;55
2652;2653;
2654;2655;2656;2657;
2658;,46
2659;
2660;
2661;2662;
2663;nter,44
2664;4
2665;per,17
2666;1
2667;7
2668;2669;,46
2670;ger,59
2671;
2672;
2673;
2674;1
2675;2676;3
2677;nator,55
2678;r,55
2679;r,11
2680;,11
2681;5
2682;
2683;r,55
2684;
2685;,55
2686;tor,17
2687;
2688;
2689;oker,44
2690;4
2691;2692;rdinator,38
2693;2694;or,38
2695;8
2696;8
2697;
2698;2699;Supervisor,22
2700;22
2701;ecialist,32
2702;2703;rdinator,41
2704;1
2705;2706;t,54
2707;
2708;
2709;9
2710;9
2711;2712;2713;dvisor,58
2714;
2715;er,48
2716;2717;3
2718;,14
2719;14
2720;3
2721;2722;65
2723;
2724;2725;rator,10
2726;2727;ator,10
2728;2729;chnician,12
2730;2
2731;r,32
2732;2733;40
2734;2735;0
2736;visor,46
2737;6
2738;
2739;
2740;
2741;2
2742;
2743;isor,39
2744;2745;or,39
2746;39
2747;,28
2748;28
2749;
2750;2751;
2752;2753;,19
2754;53
2755;2756;chnician,66
2757;2758;n,66
2759;
2760;2761;2
2762;esentative,36
2763;
2764;
2765; Supervisor,25
2766;2767;upervisor,25
2768;visor,25
2769;neer,23
2770;sor,25
2771;
2772;
2773;r,10
2774;,10
2775;3
2776;3
2777;,66
2778;6
2779;2780;alyst,19
2781;2782;ker,54
2783;
2784;r,18
2785;
2786;
2787;Advisor,47
2788;2789;
2790;t,36
2791;2792;
2793;,66
2794;
2795;2796;38
2797;2798;2799;cian,18
2800;2801;entative,55
2802;ative,55
2803;,41
2804;,55
2805;,61
2806;
2807;1
2808;
2809;,33
2810;2811;st,31
2812;2813;rvisor,14
2814;or,14
2815;isor,67
2816;sor,67
2817;2
2818;
2819;,14
2820;ian,44
2821;
2822;
2823;2824;Representative,24
2825;3
2826;
2827;ntative,24
2828;r,41
2829;2830;upervisor,19
2831;r,19
2832;nator,49
2833;,49
2834;5
2835;54
2836;9
2837;ist,27
2838;st,27
2839;7
2840;
2841;sor,20
2842;20
2843;,22
2844;22
2845;3
2846;
2847;20
2848;r,65
2849;5
2850;20
2851;
2852;t,69
2853;
2854;9
2855;gist,21
2856;2857;69
2858;2859;2860;
2861;0
2862;
2863;2864;9
2865;5
2866;
2867;Nurse,68
2868;
2869;36
2870;
2871;
2872;2873;7
2874;2875;upervisor,41
2876;or,41
2877;ian,42
2878;,42
2879;
2880;t Manager,12
2881;1
2882;40
2883;logist,17
2884;0
2885;ist,31
2886;st,31
2887;2888;0
2889; Advisor,53
2890;dvisor,53
2891;53
2892;6
2893;53
2894;
2895;7
2896;er,33
2897;
2898;33
2899;2900;13
2901;r,31
2902;
2903;st,55
2904;
2905;st,55
2906;5
2907;r,17
2908;
2909;
2910;
2911;ian,50
2912;n,50
2913;
2914;50
2915;2916;nistrator,28
2917;strator,28
2918;2919;strator,28
2920;rator,28
2921;6
2922;
2923;
2924;8
2925;
2926;or,10
2927;10
2928;
2929;
2930;oordinator,49
2931;nator,49
2932;
2933;hnician,53
2934;
2935;fessor,62
2936;essor,62
2937;
2938;sentative,12
2939;tative,12
2940;1
2941;tative,12
2942;34
2943;tive,12
2944;2945;35
2946;
2947;dvisor,48
2948;
2949;eer,30
2950;2951;nter,32
2952;
2953;
2954;64
2955;2956;8
2957;2958;cs Supervisor,16
2959;Supervisor,16
2960;2961;16
2962;,58
2963;eer,21
2964;,21
2965;
2966;8
2967;
2968;21
2969;,58
2970;2971;t,13
2972;
2973;,58
2974;ee,48
2975;
2976;40
2977;er,46
2978;r,46
2979;
2980;ve,14
2981;2982;r,61
2983;,14
2984;
2985;eloper,14
2986;r,14
2987;,14
2988;4
2989;n,42
2990;,69
2991;9
2992;2993;
2994;
2995;2996;
2997;
2998;presentative,46
2999;ative,46
3000;3001;17
3002;17
3003;,46
3004;rator,12
3005;2
3006;,15
3007;,46
3008;trator,27
3009;7
3010;3011;46
3012;r,21
3013;
3014;
3015;3016;
3017;
3018;r,47
3019;
3020;3021;sor,65
3022;65
3023;
3024;
3025;3026; Staff,37
3027;7
3028;3029;
3030;
3031;46
3032;41
3033;1
3034;st,55
3035;
3036;
3037;6
3038;Specialist,51
3039;Specialist,51
3040;Specialist,51
3041;51
3042;ducator,22
3043;2
3044;r,52
3045;52
3046;
3047;3048;3049;ntative,65
3050;r,63
3051;63
3052;ve,65
3053;41
3054;
3055;3056;,15
3057;,15
3058;
3059;3060;
3061;hnician,45
3062;
3063;3064;3065;
3066;
3067;,36
3068;6
3069;ger,15
3070;3071;e Specialist,11
3072;t,11
3073;3074;trator,15
3075;
3076;3077;
3078;
3079;
3080;48
3081;3082;
3083;ist,41
3084;3085;nician,57
3086;3087;presentative,39
3088;resentative,39
3089;resentative,39
3090;ive,39
3091;
3092;3093; Supervisor,60
3094;upervisor,60
3095;visor,60
3096;0
3097;0
3098;ter,49
3099;ter,49
3100;3101;9
3102;neer,45
3103;9
3104;3105;
3106;
3107;
3108;
3109;
3110;3111;ician,57
3112;,57
3113;57
3114;0
3115;3116;ive,27
3117;3118;presentative,15
3119;5
3120;4
3121;
3122;inee,13
3123;3124;ics Supervisor,28
3125;isor,28
3126;or,29
3127;r,28
3128;,17
3129;,17
3130;
3131;
3132;nter,66
3133;r,66
3134;31
3135;31
3136;
3137;
3138;sk Coordinator,67
3139;rdinator,67
3140;3141;tor,67
3142;loper,25
3143;r,67
3144;eer,67
3145;
3146;3147;tive,22
3148;7
3149;st,67
3150;,67
3151;
3152;3153;,22
3154;dinator,56
3155;dinator,56
3156;r,56
3157;
3158;29
3159;r,40
3160;0
3161;3162;tant,34
3163;ant,34
3164;ant,34
3165;4
3166;4
3167;
3168;
3169;4
3170;3171;4
3172;3173;tive,25
3174;st,11
3175;25
3176;5
3177;
3178;s Supervisor,41
3179;or,41
3180;3181;tative,67
3182;r,21
3183;tative,67
3184;cator,16
3185;ative,67
3186;e,67
3187;trator,56
3188;trator,56
3189;6
3190;Broker,57
3191;r,57
3192;
3193;3194;ector,45
3195;
3196;
3197;ager,68
3198;r,68
3199;67
3200;dinator,69
3201;
3202;ssor,19
3203;19
3204;3205;9
3206;
3207;3208;ger,46
3209;3210;Manager,15
3211;,15
3212;8
3213;3214;ector,22
3215;r,22
3216;1
3217;
3218;
3219;
3220;2
3221;3222;pervisor,54
3223;isor,54
3224;st,46
3225;r,44
3226;
3227;3228;46
3229;,36
3230;or,54
3231;4
3232;,44
3233;
3234;5
3235;5
3236;3237;
3238;3239;
3240;
3241;3242;55
3243;
3244;3245;3246;3247;
3248;rator,11
3249;3250;
3251;4
3252;3253;3254;3255;4
3256;
3257;
3258;3259;e,42
3260;r,42
3261;8
3262;3263;or,30
3264;0
3265;
3266;4
3267;4
3268;3269;nter,58
3270;,58
3271;3272;3273;st,49
3274;9
3275;3276;
3277;
3278;gistics Supervisor,21
3279;tics Supervisor,21
3280;cs Supervisor,21
3281;ervisor,21
3282;ervisor,21
3283;or,50
3284;
3285;st,48
3286;1
3287;esentative,25
3288;esentative,25
3289;sentative,25
3290;25
3291;25
3292;6
3293;3294;sor,34
3295;
3296;
3297;3298;pervisor,62
3299;ervisor,62
3300;3301;
3302;7
3303;pervisor,29
3304;29
3305;or,39
3306;3307;,21
3308;29
3309;3310;upervisor,46
3311;3312;upervisor,46
3313;
3314;3315;
3316;upervisor,46
3317;3318;rvisor,46
3319;11
3320;rvisor,46
3321;,46
3322;Advisor,67
3323;67
3324;67
3325;3326;er,45
3327;
3328;ineer,20
3329;eer,20
3330;er,20
3331;
3332;3333;or,62
3334;3335;
3336;
3337;28
3338;3339;cs Supervisor,36
3340;
3341;
3342; Supervisor,36
3343;3344;pervisor,36
3345;3346;yer,57
3347;57
3348;3349;r,36
3350;3351;inistrator,55
3352;
3353;
3354;
3355;dinator,23
3356;3
3357;
3358;er,19
3359;r,19
3360;
3361;8
3362;,36
3363;trator,58
3364;or,58
3365;8
3366;visor,10
3367;,10
3368;,10
3369;65
3370;5
3371;10
3372;3373;an,32
3374;t,13
3375;2
3376;2
3377;r,49
3378;2
3379;alist,12
3380;,12
3381;3382;dinator,23
3383;
3384;
3385;or,40
3386;ctor,41
3387;,40
3388;ician,14
3389;
3390;irector,10
3391;tor,10
3392;or,10
3393;
3394;
3395;r,10
3396;r,10
3397;r,10
3398;
3399;ssor,57
3400;
3401;r,57
3402;7
3403;40
3404;t,22
3405;22
3406;55
3407;22
3408;inter,46
3409;2
3410;perator,44
3411;tor,44
3412;r,44
3413;
3414;r,44
3415;
3416;
3417;r,52
3418;or,32
3419;52
3420;rse,31
3421;
3422;
3423;8
3424;or,47
3425;or,47
3426;
3427;pervisor,46
3428;visor,46
3429;sor,46
3430;sor,46
3431;ltant,24
3432;ant,24
3433;sor,46
3434;r,56
3435;
3436;
3437;
3438;rse,54
3439;54
3440;1
3441;3442;ator,33
3443;3444;
3445;,46
3446;32
3447;46
3448;r,40
3449;aff,36
3450;3451;3452;tive,11
3453;,33
3454;,33
3455;ive,11
3456;35
3457;r,68
3458;
3459;,45
3460;3461;3462;tant,58
3463;
3464;3465;Representative,49
3466;tative,49
3467;
3468;ecialist,23
3469;ist,23
3470;st,23
3471;st,23
3472;,15
3473;,23
3474;
3475;chnician,32
3476;nician,32
3477;ician,32
3478;ician,32
3479;n,32
3480;
3481;3482;3483;rvisor,55
3484;3485;ician,52
3486;3487;n,65
3488;,65
3489;,65
3490;or,20
3491;3492;3493;,45
3494;
3495;ve,32
3496;ist,27
3497;3498;neer,30
3499;30
3500;32
3501;strator,43
3502;3
3503;
3504;
3505;9
3506;3507;
3508;
3509;
3510;ter,30
3511;r,30
3512;4
3513;3514;3515;sor,63
3516;3517;aff,54
3518;ff,54
3519;
3520;7
3521;32
3522;an,58
3523;
3524;3525;an,58
3526;
3527;eloper,34
3528;34
3529;
3530;
3531;
3532;
3533;
3534;
3535;
3536;ervisor,38
3537;,19
3538;3539;38
3540; Advisor,12
3541;
3542;ultant,60
3543;60
3544;,56
3545;3546;60
3547;
3548;8
3549;r,32
3550;66
3551;3552;ogistics Supervisor,15
3553;sor,15
3554;,12
3555;
3556;
3557;neer,64
3558;4
3559;yst,65
3560;,65
3561;
3562;ctor,68
3563;68
3564;68
3565;8
3566;,10
3567;
3568;,48
3569;8
3570;
3571;14
3572;3573;8
3574;
3575;t Manager,40
3576;ger,40
3577;40
3578;7
3579;40
3580;t,65
3581;40
3582;3583;3
3584;3
3585;tor,11
3586;r,11
3587;3588;ian,65
3589;45
3590;n,65
3591;or,15
3592;r,21
3593;54
3594;21
3595;33
3596;,30
3597;33
3598;5
3599;
3600;1
3601;
3602;32
3603;
3604;32
3605;
3606;
3607;
3608;3609;
3610;
3611;3612;
3613;
3614;3615;,20
3616;,15
3617;,18
3618;
3619;or,64
3620;28
3621;,18
3622;41
3623;8
3624;rator,61
3625;ator,61
3626;61
3627;er,63
3628;
3629;
3630;sentative,41
3631;3632;
3633;
3634;3635;
3636;
3637;3638;
3639;isor,31
3640;
3641;sor,31
3642;irector,41
3643;ector,41
3644;ctor,41
3645;or,31
3646;
3647;3648;sor,47
3649;7
3650;
3651;8
3652;8
3653;3654;3655;
3656;taff,49
3657;
3658;3659;3660;
3661;7
3662;tor,34
3663;,31
3664;
3665;,48
3666;3667;
3668;
3669;41
3670;alist,59
3671;t,59
3672;list,22
3673;list,22
3674;
3675;
3676;
3677;,59
3678;,26
3679;59
3680;e,48
3681;1
3682;tor,29
3683;7
3684;or,29
3685;29
3686;3687;Specialist,64
3688;3689;sentative,38
3690;28
3691;ntative,38
3692;5
3693;
3694;4
3695;
3696;3697; Technician,29
3698;
3699;3700;chnician,29
3701;cian,29
3702;,36
3703;
3704;3705;cian,29
3706;7
3707;
3708;3709;
3710;
3711;,29
3712;,29
3713;tant,24
3714;
3715;
3716;3717;sultant,16
3718;ant,16
3719;6
3720;ker,36
3721;
3722;29
3723;
3724;dvisor,55
3725;
3726;list,28
3727;3728;
3729;
3730;Developer,12
3731;oper,12
3732;,12
3733;3
3734;2
3735;58
3736;3737;
3738;3739;tive,15
3740;r,22
3741;
3742;
3743;
3744;15
3745;3746;sor,30
3747;1
3748;
3749;Representative,22
3750;entative,22
3751;er,46
3752;46
3753;
3754;ative,22
3755;tive,22
3756;tive,22
3757;
3758;3759;
3760;ive,22
3761;3762;ive,22
3763;26
3764;,41
3765;22
3766;an,26
3767;58
3768;
3769;an,35
3770;n,35
3771;35
3772;
3773;
3774;er,48
3775;48
3776;3777;ntative,34
3778;tative,34
3779;9
3780;3781;ative,34
3782;r,24
3783;24
3784;
3785;3786;entative,36
3787;entative,36
3788;
3789;entative,36
3790;
3791;0
3792;
3793;entative,36
3794;tative,36
3795;,53
3796;53
3797;3798;or,56
3799;or,56
3800;tative,36
3801;ive,36
3802;r,56
3803;
3804;ve,36
3805;,40
3806;e,36
3807;cialist,16
3808;
3809;6
3810;entative,51
3811;
3812;ative,15
3813;3814;esentative,38
3815;
3816;,38
3817;sor,23
3818;,23
3819;3820;tative,58
3821;tative,58
3822;
3823;dinator,10
3824;r,10
3825;4
3826;,62
3827;2
3828;3829;10
3830;sor,21
3831;3832;ntative,13
3833;,13
3834;st,34
3835;
3836;53
3837;
3838;1
3839;7
3840;1
3841;
3842;tics Supervisor,11
3843;cs Supervisor,11
3844;cs Supervisor,11
3845;r,11
3846;1
3847;dministrator,60
3848;ministrator,60
3849;,60
3850;rator,66
3851;,60
3852;
3853;inator,23
3854;,23
3855;
3856;visor,66
3857;or,66
3858;,66
3859;3860;r,49
3861;3862;istrator,17
3863;3864;tor,17
3865;29
3866;r,17
3867;7
3868;e Broker,60
3869;7
3870;gist,23
3871;
3872;
3873;
3874;3875;
3876;3877;t,47
3878;7
3879;
3880;ctor,26
3881;ctor,26
3882;3883;3884;or,26
3885;r,26
3886;
3887;,54
3888;
3889;
3890;3891;3892;
3893;32
3894;3895;
3896;3897; Specialist,20
3898;
3899;isor,14
3900;3901;isor,34
3902;tant,69
3903;isor,34
3904;34
3905; Technician,44
3906;3907; Director,49
3908;,49
3909;3910;esentative,15
3911;
3912;
3913;ive,15
3914;nter,56
3915;15
3916;ector,41
3917;
3918;rdinator,30
3919;rdinator,30
3920;or,30
3921;3922;tics Supervisor,55
3923;visor,55
3924;ee,67
3925;7
3926;54
3927;or,55
3928;4
3929;
3930;3931;
3932;
3933;3934;3935;ve,26
3936;26
3937;3938;2
3939;r,66
3940;r,66
3941;
3942;
3943;3944;ntative,11
3945;3946;ntative,11
3947;
3948;tative,11
3949;11
3950;68
3951;68
3952;
3953;ter,66
3954;3955;
3956;or,10
3957;0
3958;er,63
3959;
3960;
3961;er,34
3962;r,34
3963;3964;3965;
3966;
3967;3968;3969;,57
3970;57
3971;3972;3973;ator,11
3974;1
3975;or,62
3976;3977;3978;
3979;27
3980;Consultant,48
3981;sultant,48
3982;3983;7
3984;
3985;3986;,38
3987;8
3988;62
3989;
3990;3991; Supervisor,13
3992;Supervisor,13
3993;
3994;tor,31
3995;,20
3996;tor,31
3997;
3998;ultant,39
3999;
4000;