ID;1;2;inter,62
3;4;t Staff,14
5; Staff,14
6;7;sor,26
8;or,26
9;or,48
10;11;chnician,40
12;13;ative,40
14;per,36
15;er,36
16;
17;er,36
18;tive,40
19;
20;21;41
22;
23;ve,40
24;25;presentative,60
26;5
27;esentative,60
28;tative,60
29;10
30;0
31;ve,60
32;inter,52
33;52
34;
35;or,46
36;37;nce Broker,24
38;
39;,50
40;
41;0
42;ve,60
43;Technician,49
44;60
45;9
46;29
47;
48;
49;20
50;
51;
52;29
53;
54;
55;56;29
57;
58;41
59;60;12
61;
62;ter,69
63;r,69
64;
65;49
66;taff,31
67;31
68;1
69;1
70;1
71;3
72;3
73;
74;
75;
76;77;e,27
78;or,44
79;4
80;r,11
81;11
82;
83;
84;4
85;r,54
86;28
87;28
88;89;
90;,54
91;,54
92;
93;
94;lyst,17
95;
96;4
97;,26
98;
99;
100;
101;4
102;er,45
103;er,45
104;,45
105;106;
107;r,48
108;109;,48
110;5
111;8
112;113;
114;115;
116;117;rvisor,60
118;54
119;or,60
120;ist,51
121;ist,51
122;123;,60
124; Director,39
125;rector,39
126;
127;,33
128;r,66
129;3
130;,16
131;6
132;
133;134;8
135;
136;
137;
138;139;
140;st,27
141;
142;
143;144;
145;
146;147;148;visor,51
149;
150;151;
152;er,62
153;154;
155;156;Specialist,32
157;,32
158;or,18
159;18
160;18
161;25
162;
163;
164;
165;
166;
167;7
168;47
169;
170;32
171;or,11
172;1
173;
174;6
175;er,42
176;
177;178;
179;
180;,26
181;,26
182;
183;presentative,36
184;185;36
186;
187;inter,17
188;6
189;
190;191;stics Supervisor,28
192;tics Supervisor,28
193;ervisor,28
194;
195;
196;8
197;rvisor,28
198;9
199;
200;
201;isor,28
202;ter,47
203;47
204;rse,53
205;3
206;
207;
208;
209;49
210;
211;8
212;Representative,38
213;214;sentative,38
215;entative,38
216;list,44
217;tive,38
218;ive,38
219;per,49
220;221;aff,67
222;ve,38
223;ctor,24
224;,24
225;
226;29
227;228;0
229;230;
231;ve,38
232;4
233;ff,51
234;235;4
236;
237;
238;r,19
239;
240;e,38
241;ator,15
242;243;0
244; Technician,51
245;echnician,51
246;
247;ician,51
248;ician,51
249;er,25
250;,51
251;ogist,67
252;ogist,67
253;,21
254;ist,67
255;256;,67
257;7
258;ager,27
259;51
260;51
261;6
262;263;65
264;
265;,67
266;267;3
268;
269;
270;,63
271;63
272;an,27
273;
274;
275;276;
277;
278;279;280;1
281;282;epresentative,17
283;17
284;
285;ator,55
286;287;
288;tor,55
289;7
290;
291;n Painter,59
292;er,59
293;,54
294;54
295;
296;
297;ive,33
298;ve,33
299;chnician,28
300;n,28
301;16
302;
303;urse,30
304;30
305;
306;
307;33
308;alist,42
309;t,21
310;,21
311;,42
312;oker,33
313;,33
314;7
315;,42
316;317;er Representative,26
318;tive,26
319;rse,29
320;9
321;7
322;64
323;9
324;
325;ofessor,37
326;327;328;
329;tive,26
330;ector,23
331;332;ector,23
333;334;3
335;
336;,51
337;
338;cs Supervisor,33
339;
340;isor,33
341;,33
342;3
343;3
344;3
345;
346;5
347;
348;or,34
349;21
350;
351;ntative,50
352;er,27
353;er,27
354;ive,50
355;an,51
356;an,51
357;ive,50
358;dvisor,18
359;isor,18
360;isor,18
361;isor,18
362;ive,50
363;,50
364;2
365;30
366;15
367;50
368;Technician,60
369;,60
370;
371;
372;
373;ntative,13
374;
375;12
376;se,36
377;378;,36
379;9
380;381;
382;8
383;12
384;63
385;386;Specialist,13
387;Specialist,13
388;alist,13
389;,41
390;391;s Supervisor,34
392;ervisor,34
393;394;cs Supervisor,39
395;8
396;
397;cs Supervisor,39
398;ator,11
399;11
400;1
401;upervisor,39
402;ervisor,39
403;ector,13
404;
405;r,13
406;9
407;pervisor,32
408;
409;rvisor,32
410;rvisor,32
411;or,32
412;ssor,19
413;414;415;,19
416;
417;418;
419;t,45
420;,59
421;t,45
422;
423;er,31
424;r,32
425;Advisor,19
426;
427;sor,61
428;
429;erator,25
430;431;6
432;
433;
434;
435;,32
436;tor,63
437;
438;per,50
439;440;441;442;
443;64
444;,42
445;
446;,25
447;
448;
449;neer,52
450;52
451;
452;,32
453;
454;,11
455;st,43
456;,11
457;
458;6
459;1
460;,64
461;
462;463;irector,57
464;9
465;er Representative,23
466;tive,23
467;
468;tive,23
469;Buyer,43
470;yer,43
471;
472;r,54
473;perator,45
474;or,45
475;476;7
477;478;
479;,54
480;visor,27
481;,27
482;7
483;
484;f,22
485;54
486;Manager,45
487;
488;489;490;
491;,22
492;493;tative,40
494;0
495;,40
496;n,52
497;,52
498;oker,32
499;2
500;,52
