ID;1;ade
2;
3;4;oker,41
5;6;7
7;
8;9;gistics Supervisor,62
10;r,62
11;12;13;essor,17
14;15;
16;,62
17;fessor,24
18;10
19;fessor,24
20;or,24
21;,24
22;23;cs Supervisor,17
24;56
25;sor,17
26;
27;28;ian,29
29;logist,50
30;
31;32;rdinator,16
33;or,16
34;t,37
35;
36;7
37;er,15
38;15
39;40;41;7
42;43;echnologist,69
44;ist,69
45;53
46;3
47;20
48;
49;ecialist,45
50;
51;st,45
52;
53; Advisor,41
54;
55;Manager,16
56;nager,16
57;nager,16
58;16
59;7
60;
61;29
62;63;rator,30
64;0
65;0
66;67;,35
68;5
69;5
70;
71;72;er,11
73;
74;75;r,65
76;,52
77;
78;,33
79;r,65
80;52
81;5
82;neer,45
83;84;85;ngineer,57
86;neer,57
87;57
88;89;dvisor,30
90;visor,30
91;sor,30
92;,30
93;
94;95;30
96;
97;0
98;0
99;ker,32
100;0
101;
102;er,64
103;
104;105;,40
106;2
107;2
108;109;neer,17
110;17
111;17
112;113;eer,22
114;r,22
115;
116;rdinator,50
117;ator,50
118;0
119;120;
121;122;chnician,43
123;ian,43
124;ian,43
125;4
126;127;
128;ctor,32
129;
130;tant,36
131;
132;
133;134;2
135;
136;
137;sultant,39
138;,29
139;ant,39
140;nt,39
141;142;3
143;,10
144;145;146;147;ics Supervisor,68
148;149; Supervisor,68
150;6
151;rvisor,68
152;st,58
153;
154;sor,68
155;5
156;r,16
157;
158;68
159;rator,63
160;63
161;
162;163;3
164;ervisor,17
165;
166;r,34
167;
168;169;uyer,48
170;8
171;r,34
172;r,42
173;,42
174;47
175;
176;
177;
178;7
179;
180;
181;182;sentative,12
183;
184;ive,12
185;ive,12
186;nager,23
187;
188;
189;
190;,40
191;0
192;,32
193;
194;195;196;
197;198;r,51
199;,51
200;201;202; Supervisor,16
203;pervisor,16
204;ker,15
205;pervisor,16
206;
207;208;209;ry Technician,12
210;2
211;nt,41
212;41
213;nee,53
214;
215;
216; Manager,51
217;,51
218;
219;rector,19
220;221;rector,19
222;223;224;225;esentative,17
226;sentative,17
227;entative,17
228;tative,17
229;
230;17
231;e Specialist,20
232;ist,20
233;r,12
234;
235;,12
236;
237;
238;15
239;240;sor,55
241;r,55
242;n,20
243;
244;
245;246;
247;
248;er,31
249;r,31
250;1
251;ineer,47
252;neer,47
253;
254;ator,45
255;
256;presentative,48
257;tive,48
258;50
259;
260;261;dinator,54
262;nator,54
263;54
264;18
265;,56
266;54
267;ator,19
268;
269;5
270;
271;
272;
273;274;
275;visor,17
276;,17
277;
278;
279;ator,55
280;tor,55
281;282;ucator,10
283;tor,10
284;
285;286;287;288;8
289;
290;
291;292;293;or,22
294;295;296;297;22
298;299;58
300;,47
301;
302;taff,62
303;62
304;
305;21
306;
307;308;309;cian,45
310;an,45
311;312;ector,16
313;
314;
315;r,61
316;317;sor,51
318;319;visor,38
320;visor,10
321;
322;8
323;r,38
324;t Manager,16
325;ager,16
326;6
327;328;1
329;sentative,40
330;sentative,40
331;ntative,40
332;ative,40
333;t,45
334;,45
335;45
336;tive,40
337;
338;
339;inator,17
340;
341;
342;
343;ics Supervisor,50
344;s Supervisor,50
345;pervisor,50
346;r,50
347;r,50
348;tor,42
349;
350;r,40
351;,50
352;rofessor,55
353;55
354;
355;
356;ant,45
357;0
358;istrator,12
359;360;361;,67
362;rse,26
363;26
364;
365;
366;,63
367;r,45
368;369;370;logist,44
371;
372;rdinator,52
373;374;375;or,52
376;
377;2
378;oker,24
379;,24
380;381;presentative,69
382;ative,69
383;,69
384;0
385;t,15
386;,15
387;er,41
388;
389;
390;ive,25
391;
392;resentative,53
393;entative,53
394;
395;32
396;397;tive,53
398;0
399;tive,53
400;,65
401;
402;
403;1
404;405;406;,53
407;tor,50
408;tor,50
409;410;Supervisor,50
411;upervisor,50
412;54
413;upervisor,50
414;r,50
415;neer,58
416;
417;
418;istics Supervisor,24
419;visor,24
420;421;,16
422;6
423;6
424;
425;
426;
427;428;429;s Supervisor,40
430;9
431;
432;Supervisor,40
433;pervisor,40
434;visor,40
435;r,40
436;nician,49
437;9
438;439;Painter,26
440;441;er,53
442;47
443;444;dinator,23
445;or,23
446;23
447;er,30
448;er,30
449;23
450;,63
451;
452;453;
454;
455;
456;21
457;458;or,65
459;
460;46
461;
462;isor,66
463;464;dinator,33
465;3
466;
467;0
468;sor,59
469;470;52
471;r,59
472;isor,50
473;
474;tive,14
475;visor,33
476;e,14
477;ator,42
478;
479;
480;6
481;ssor,23
482;or,23
483;
484;
485;ics Supervisor,35
486;or,35
487;r,39
488;
489;r,35
490;st,53
491;
492;493;,35
494;istrator,14
495;trator,14
496;,14
497;4
498;43
499;500;nsultant,38
501;nt,38
502;,35
503;Coordinator,29
504;nator,29
505;506;
507;or,29
508;
509;r,29
510;14
511;14
512;14
513;,29
514;
515;uyer,48
516;48
517;
518;
519;
520;
521;,29
522;523;11
524;525;er,42
526;,42
527;
528;529;530;gistics Supervisor,44
531;pervisor,44
532;ervisor,44
533;,13
534;
535;ervisor,44
536;er,36
537;538;,36
539;44
540;an,26
541;5
542;,16
543;
544;545;27
546;an,26
547;n,26
548;e,27
549;550;,26
551;552;tor,14
553;554;t,15
555;
556;557;tor,14
558;22
559;22
560;,14
561;r,15
562;
563;564;
565;
566;567;cialist,61
568;st,61
569;1
570; Manager,17
571;nager,17
572;er,17
573;
574;
575;or,38
576;,38
577;6
578;6
579;580;
581;8
582;
583;
584;,64
585;
586;4
587;upervisor,21
588;rvisor,21
589;21
590;ician,36
591;ician,36
592;
593;n,36
594;595;tics Supervisor,69
596;Supervisor,69
597;
598;pervisor,69
599;ist,30
600;
601; Supervisor,12
602;603;r,12
604;ant,38
605;ant,38
606;607;608;tor,55
609;r,12
610;r,22
611;r,22
612;613;r Representative,39
614;Representative,39
615;entative,39
616;617;tive,39
618; Painter,62
619;nter,62
620;,39
621;27
622;27
623;t,52
624;
625;
626;r,21
627;1
628;
629;21
630;8
631;1
632;65
633;634;visor,38
635; Nurse,50
636;0
637;isor,38
638;4
639;
640;alyst,10
641;0
642;
643;51
644;1
645;646;
647;ger,14
648;649;650;tics Supervisor,14
651;652;tics Supervisor,14
653;654;isor,14
655;4
656;s Supervisor,49
657;ervisor,49
658;31
659;r,49
660;t,31
661;cer,19
662;,49
663;6
664;ff,27
665;9
666;r,28
667;55
668;
669;
670;671;
672;ager,68
673;674;
675;4
676;ative,16
677;1
678;
679;ve,16
680;16
681;ator,30
682;683;684;685;
686;upervisor,42
687;,42
688;strator,10
689;strator,10
690;
691;,10
692;
693;42
694;an,41
695;
696;34
697;er,10
698;0
699;
700;
701;
702;703;ngineer,53
704;
705;
706;
707;
708;64
709;
710;
711;712;sor,69
713;r,33
714;
715;,69
716; Manager,23
717;
718;inator,61
719;61
720;,11
721;
722;
723;724;725;1
726;,15
727;15
728;r,48
729;,48
730;15
731;
732;
733;
734;
735;
736;
737;5
738;,54
739;740;5
741;5
742;
743;744;5
745;
746;747;resentative,24
748;ative,24
749;r,47
750;ve,24
751;
752;er,64
753;754;resentative,58
755;tative,58
756;tive,58
757;9
758;2
759;760;761;,20
762;58
763;764;37
765;766;r,23
767;768;58
769;se,57
770;
771;,57
772;ker,36
773;ker,36
774;
775;7
776;777;64
778;
779;r,24
780;19
781;
782;
783;
784;
785;
786;
787;
788;
789;
790;tor,18
791;or,18
792;793;794;ctor,47
795;ctor,47
796;or,47
797;7
798;799;32
800;801;
802;upervisor,17
803;visor,17
804;,26
805;52
806;6
807;15
808;5
809;visor,17
810;7
811;cialist,69
812;813;ialist,69
814;ialist,69
815;816;chnician,26
817;cian,26
818;819;,26
820;
821;
822;ucator,11
823;
824;
825;
826;827;t,34
828;
829;16
830;831;20
832;
833;
834;6
835;836;list,41
837;t,41
838;
839;840;essor,50
841;842;
843;3
844;845;n,31
846;12
847;
848;
849;n,31
850;
851;,31
852;
853;ant,24
854;
855;1
856;37
857;858;Specialist,65
859;alist,65
860;list,65
861;list,65
862;ist,65
863;65
864;20
865;
866;ssor,31
867;
868; Supervisor,68
869;visor,68
870;19
871;872;er,30
873;0
874;isor,68
875;
876;
877;
878;
879;isor,68
880;881;882;25
883;5
884;sor,68
885;onsultant,57
886;57
887;888;cator,16
889;tor,16
890;sor,68
891;r,69
892;9
893;sor,68
894;
895;aff,51
896;sor,68
897;ager,18
898;ager,18
899;18
900;or,68
901;,18
902;r,48
903;8
904;,18
905;
906;
907;,16
908;16
909;,42
910;
911;,68
912;ecialist,48
913;ist,48
914;t,48
915;
916;
917;7
918;919;r,64
920;
921;f,55
922;
923;
924;8
925;8
926;r,64
927;928;9
929;
930;8
931;932;68
933;or,38
934;935;,43
936;
937;
938;6
939;
940;6
941;7
942;
943;
944;945;
946;
947;8
948;949;43
950;8
951;ive,26
952;e,26
953;,38
954;,26
955;2
956;2
957;2
958;60
959;
960;961;
962;26
963;56
964;965;
966;,69
967;
968;969;8
970;971;tics Supervisor,40
972;
973;,31
974;
975;5
976;
977;r,63
978;979;
980;ist,19
981;
982;t,19
983;984;6
985;
986;22
987;988;989;990;991;ervisor,58
992;18
993;visor,58
994;e,61
995;996;997;998;visor,58
999;visor,58
1000;,28
1001;28
1002;sor,58
1003;nee,12
1004;or,58
1005;oper,17
1006;
1007;
1008;r,58
1009;isor,28
1010;
1011;er,48
1012;er,48
1013;1014;
1015;
1016;upervisor,62
1017;or,62
1018;
1019;
1020;or,29
1021;1022;
1023;,62
1024;
1025;
1026;
1027;
1028;1029;st,46
1030;21
1031;
1032;
1033;2
1034;r,21
1035;,21
1036;
1037;
1038;21
1039;
1040;ve,44
1041;ger,58
1042;
1043;
1044;4
1045;rator,51
1046;1047;e Operator,31
1048;1049;nager,40
1050;r,40
1051;21
1052;1053;or,30
1054;1055;sultant,30
1056;1057;1058;,19
1059;1060;4
1061;
1062;,35
1063;40
1064;
1065;
1066;isor,48
1067;0
1068;st,61
1069;
1070;
1071;4
1072;sor,48
1073;or,48
1074;64
1075;
1076;,48
1077;8
1078;n,15
1079;
1080;1081;
1082;5
1083;5
1084;tant,33
1085;1086;3
1087;
1088;1089;er,45
1090;62
1091;
1092;r,45
1093;5
1094;57
1095;
1096;per,21
1097;
1098;1099;,35
1100;1101;
1102;ator,26
1103;or,26
1104;8
1105;Specialist,68
1106;68
1107;68
1108;
1109;
1110;ssor,63
1111;8
1112;
1113;hnician,35
1114;
1115;ialist,41
1116;ist,41
1117;
1118;10
1119;10
1120;
1121;cian,52
1122;52
1123;rse,46
1124;,46
1125;1126;nter,67
1127;
1128;67
1129;
1130;1131;,37
1132;7
1133;1134;ator,50
1135;or,50
1136;,50
1137;4
1138;4
1139;
1140;
1141;1142;50
1143;10
1144;1145;f,50
1146;
1147;16
1148;
1149;
1150;t Staff,38
1151;f,38
1152;
1153;1154;1155;ant,53
1156;1157;ervisor,52
1158;2
1159;1160;1161;1162;r,58
1163;,58
1164;,61
1165;1
1166;8
1167;trator,53
1168;r,53
1169;8
1170;
1171;
1172;Representative,37
1173;1174;sentative,12
1175;entative,12
1176;tative,12
1177;41
1178;e,12
1179;44
1180;1181;,62
1182;
1183;
1184;
1185;
1186;
1187;
1188;44
1189;8
1190;12
1191;1
1192;
1193;
1194;
1195;resentative,13
1196;
1197;
1198;tive,13
1199;
1200;n,23
1201;r,35
1202;
1203;
1204;ordinator,48
1205;ordinator,48
1206;,48
1207;1208;
1209;nator,12
1210;
1211;nator,12
1212;,12
1213;r,22
1214;1215;r,35
1216;
1217;1
1218;42
1219;63
1220;
1221;3
1222;
1223;
1224;
1225;26
1226;
1227;r,61
1228;1
1229;
1230;oker,16
1231;1
1232;rector,30
1233;
1234;,14
1235;1236;1237;
1238;
1239;inter,52
1240;1241;1242;strator,34
1243;trator,34
1244;,23
1245;
1246;1247;1248;echnician,54
1249;1250;1251;nter,46
1252;
1253;
1254;46
1255;Staff,55
1256;ff,55
1257;ff,55
1258;46
1259;6
1260;r,51
1261;1262;51
1263;6
1264;
1265;1266;50
1267;
1268;1269;istrator,27
1270;,27
1271;er,28
1272;r,28
1273;
1274;8
1275;
1276;
1277;ative,31
1278;or,15
1279;tive,31
1280;eer,36
1281;er,36
1282;1283;ive,31
1284;ive,31
1285;e,31
1286;nician,56
1287;
1288;,52
1289;e,31
1290;
1291;r,28
1292;
1293;or,54
1294;
1295;or,54
1296;54
1297;e,31
1298;trator,10
1299;
1300;t,55
1301;41
1302;
1303;1304;istics Supervisor,42
1305; Supervisor,42
1306;sor,42
1307;9
1308;r,49
1309;
1310;2
1311;an,43
1312;
1313;,43
1314;1315;45
1316;or,30
1317;,11
1318;1319;
1320;1321;tive,20
1322;,51
1323;
1324;1
1325;e,20
1326; Broker,36
1327;e,20
1328;nager,38
1329;
1330;,20
1331;
1332;ger,63
1333;20
1334;er,28
1335;7
1336;3
1337;
1338;1339;,28
1340;
1341;
1342;
1343;8
1344;1345;1346;or,60
1347;26
1348;r,41
1349;6
1350;r,60
1351;sor,61
1352;r,40
1353;,60
1354; Coordinator,28
1355;r,28
1356;8
1357;,28
1358;r,32
1359;
1360;8
1361;31
1362;
1363;3
1364;1365;eer,36
1366;
1367;
1368;1369;1370;30
1371;40
1372;30
1373;
1374;r,64
1375;1376;1377;4
1378;e,35
1379;5
1380;
1381;4
1382;ant,30
1383;0
1384;
1385;upervisor,16
1386;
1387;
1388;
1389;
1390;pervisor,16
1391;r,16
1392;
1393;r,69
1394;7
1395;st,15
1396;,15
1397;5
1398;
1399;
1400;anager,42
1401;
1402;rator,43
1403;43
1404;
1405;
1406;6
1407;65
1408;
1409;
1410;
1411;1412;1413;visor,18
1414;18
1415;,39
1416;1417;1418;or,53
1419;r,53
1420;
1421;nistrator,53
1422;tor,53
1423;1424;
1425;1426;9
1427;1428;,53
1429;tor,11
1430;
1431;ative,39
1432;r,62
1433;ive,39
1434;e,39
1435;essor,65
1436;1437;visor,53
1438;,53
1439;strator,42
1440;
1441;anager,52
1442;nager,52
1443;,52
1444;
1445;9
1446;
1447;1448;rvisor,47
1449;,28
1450;56
1451;
1452;1453;visor,47
1454;53
1455;1456;per,62
1457;2
1458;1459;anager,25
1460;ger,25
1461;r,25
1462;
1463;
1464;
1465;1466;
1467;1468;
1469;sor,47
1470;sor,43
1471;33
1472;
1473;sor,47
1474;ist,21
1475;,48
1476;21
1477;1
1478;1
1479;
1480;erator,44
1481;4
1482;
1483;4
1484;tor,39
1485;,39
1486;9
1487;1488;1489;,14
1490;2
1491;sor,47
1492;r,10
1493;
1494;5
1495;41
1496;1497;
1498;
1499;
1500;
1501;1502;1503;
1504;1505;r,47
1506;echnician,52
1507;1508;,52
1509;8
1510;1511;ialist,28
1512;ialist,28
1513;
1514;0
1515;0
1516;6
1517;24
1518;
1519;
1520;rator,54
1521;
1522;1523;
1524;entative,66
1525;,66
1526;Broker,38
1527;ker,38
1528;
1529;
1530;n,30
1531;r,26
1532;r,26
1533;
1534;1535;1536;pervisor,13
1537;3
1538;
1539;cs Supervisor,65
1540;isor,65
1541;r,65
1542;ervisor,30
1543;ervisor,30
1544;30
1545;30
1546;1547;isor,41
1548;
1549;sor,41
1550;
1551;
1552;resentative,32
1553;ative,32
1554;ative,32
1555;r,52
1556;2
1557;t,44
1558;ic,33
1559;33
1560;1561;1562;
1563;,44
1564;22
1565;
1566;taff,62
1567;1568;27
1569;r,34
1570;7
1571;1572;
1573;
1574;1575;Nurse,18
1576;
1577;sor,14
1578;
1579;rdinator,25
1580;ator,25
1581;ator,25
1582;ator,25
1583;5
1584;
1585;56
1586;1587;
1588;r,65
1589;
1590;echnician,66
1591;chnician,66
1592;
1593;6
1594;
1595;r,61
1596;61
1597;
1598;3
1599;1
1600;
1601;
1602;
1603;,47
1604;1605;1606;
1607;or,64
1608;
1609;ultant,48
1610;nt,48
1611;1612;1613;esentative,41
1614;
1615;
1616;tative,41
1617;,11
1618;
1619;,50
1620;ative,41
1621;60
1622;1623;3
1624;ative,41
1625; Painter,36
1626;ative,41
1627;
1628;or,16
1629;6
1630;1631;
1632;ve,41
1633;ist,27
1634;
1635;1636;41
1637;an,61
1638;1639;
1640;,61
1641;oker,45
1642;r,45
1643;1
1644;,45
1645;
1646;
1647;
1648;1649;61
1650;,11
1651;
1652;1653;
1654;
1655;istrator,49
1656;ator,49
1657;,38
1658;49
1659;per,37
1660;7
1661;5
1662;1663;1664;tor,16
1665; Buyer,15
1666;,15
1667;1668;1669;1670;
1671;ive,40
1672;tor,48
1673;
1674;
1675;ve,40
1676;23
1677;,40
1678;tant,62
1679;
1680;1681;ntative,49
1682;per,65
1683;ive,49
1684;,45
1685;45
1686;49
1687;1688;Representative,69
1689;tative,69
1690;er,56
1691;1692;er,62
1693;tative,69
1694;tive,69
1695;Buyer,49
1696;tive,69
1697;tive,69
1698;1699;5
1700;ve,69
1701;sor,68
1702;
1703;rvisor,29
1704;8
1705;1706;
1707;isor,12
1708;isor,12
1709;,12
1710;t,68
1711;39
1712;
1713;visor,38
1714;r,15
1715;15
1716;
1717;
1718;isor,38
1719;r,53
1720;sor,38
1721;1
1722;11
1723;sor,38
1724;38
1725;r,67
1726;,49
1727;1728;38
1729;1730;r,32
1731;1732;ineer,52
1733;52
1734;1735; Director,16
1736;1737;
1738;rdinator,31
1739;,31
1740;r,18
1741;
1742;roker,20
1743;er,20
1744;
1745;ger,33
1746;er,33
1747;33
1748;1749;
1750;
1751;er,25
1752;25
1753;1754;
1755;
1756;
1757;1758;anager,13
1759;
1760;
1761;31
1762;
1763;r,56
1764;
1765;31
1766;
1767;1768;1769;
1770;  Advisor,58
1771;visor,58
1772;or,58
1773;
1774;
1775;
1776;
1777;
1778;1779;or,16
1780;er,53
1781;8
1782;,16
1783;Consultant,17
1784;,17
1785;8
1786;
1787;
1788;
1789;1790;
1791;
1792;r,14
1793;er,15
1794;r,15
1795;,15
1796;
1797;,29
1798;r,14
1799;
1800;
1801;r,14
1802;4
1803;ter,64
1804;
1805;f,68
1806;
1807;
1808;r,51
1809;1810;1811;0
1812;
1813;54
1814;
1815;or,64
1816;,64
1817;1818;,13
1819;
1820;or,69
1821;,69
1822;,69
1823;tor,55
1824;1825;1826;ntative,17
1827;ntative,17
1828;1829;ntative,17
1830;
1831;tative,17
1832;ive,17
1833;,65
1834;ive,17
1835;,25
1836;
1837;17
1838;,49
1839;49
1840; Staff,58
1841;,58
1842;1843;1844;nager,37
1845;
1846;
1847;3
1848;
1849;8
1850;
1851; Coordinator,54
1852;1853;ntative,48
1854;ator,45
1855;,45
1856;tive,48
1857;
1858;1859;or,50
1860;,50
1861;0
1862;1863;0
1864;tive,48
1865;ogist,33
1866;33
1867;e,48
1868;
1869;sor,27
1870;7
1871;1872;ntative,47
1873;
1874;17
1875;7
1876;
1877;
1878;ative,47
1879;r,58
1880;r,15
1881;
1882;
1883;1884;,47
1885;,18
1886;t,19
1887;
1888;isor,15
1889;r,15
1890;
1891;
1892;Staff,43
1893;
1894;,48
1895;
1896;,48
1897;8
1898;
1899;
1900;ative,44
1901;1902;ve,42
1903;t,22
1904;1905;1906;42
1907;inator,50
1908;ator,50
1909;0
1910;st,55
1911;1912;
1913;1914;1915;roker,24
1916;ker,24
1917;,24
1918;0
1919;
1920;r,48
1921;42
1922;,33
1923;st,28
1924;1925;
1926;rvisor,56
1927;or,56
1928;
1929;loper,27
1930;7
1931;1932;8
1933;1934;sentative,69
1935;
1936;
1937;tative,69
1938;ative,69
1939;tant,65
1940;1941;65
1942;tive,69
1943;ive,69
1944;3
1945;
1946;
1947;
1948;
1949;
1950;
1951;,49
1952;
1953;
1954;
1955;
1956;1957;or,64
1958;ator,60
1959;
1960;,64
1961;sor,57
1962;57
1963;eer,54
1964;,54
1965;
1966;1967;1968;5
1969;
1970;ineer,15
1971;r,15
1972;1973;1974;
1975;
1976;urse,20
1977;1978;r,41
1979;1
1980;
1981;
1982;
1983;er,12
1984;
1985;er,12
1986;
1987;
1988;
1989;1990;1
1991;1992;visor,38
1993;
1994;
1995;
1996;1997;
1998;,19
1999;
2000;4
