ID;1;2;
3;1
4;5;ialist,42
6;list,42
7;42
8;42
9;42
10;42
11;,11
12;13;per,68
14;15;34
16;,52
17;18;19;,61
20;logist,48
21;ogist,48
22;23;sentative,57
24;25;26;Supervisor,63
27;upervisor,63
28;,63
29;st,26
30;,26
31;1
32;
33;,26
34;26
35;37
36;37;t,18
38;8
39;40; Advisor,16
41;
42;
43;
44;
45;tor,38
46;47;inter,16
48;ter,16
49;16
50;51;
52;,63
53;54;visor,41
55;63
56;
57;
58;59;visor,41
60;sor,41
61;62;ive,32
63;ker,59
64;er,59
65;,32
66;alist,27
67;
68;7
69;r,48
70;71;dministrator,58
72;ministrator,58
73;trator,58
74;ator,58
75;76;epresentative,52
77;tive,52
78;,40
79;80;ve,52
81;
82;61
83;
84;
85;86;re Specialist,40
87;,40
88;r,50
89;90;ive,69
91;92;upervisor,16
93;rvisor,16
94;rvisor,16
95;visor,16
96;6
97;
98;
99;
100;6
101;rdinator,14
102;,14
103;aff,13
104;4
105;er,48
106;107;ordinator,17
108;32
109;
110;or,17
111;ainter,39
112;er,39
113;
114;115;7
116;ordinator,21
117;or,21
118;1
119;
120;4
121;122; Advisor,44
123;Advisor,44
124;4
125;
126;0
127;4
128;
129;4
130;ist,35
131;4
132;33
133;
134;9
135;
136;
137;138;139;visor,22
140;141;142;ve,41
143;neer,60
144;e,41
145;ator,69
146;tor,69
147;148;8
149;150;ive,30
151;30
152;ministrator,55
153;or,55
154;33
155;55
156;r,26
157;
158;5
159;,44
160;
161;
162;163;19
164;25
165;
166;nt,19
167;nt,19
168;,19
169;0
170;nator,34
171;
172;6
173;or,62
174;175;176;
177;178;
179;
180;ator,33
181;,33
182;8
183;
184;oper,58
185;
186;0
187;
188;
189;9
190;
191;
192;er,60
193;
194;r,60
195;60
196;
197;,11
198;
199;
200;
201;
202;203;
204;205;dvisor,50
206;207;ist,23
208;209;resentative,23
210;entative,23
211;eer,33
212;entative,23
213;
214;215;42
216;
217;ics Supervisor,12
218;
219;
220;rvisor,12
221;ator,18
222;18
223;224;6
225;226;rvisor,12
227;
228;visor,12
229;sor,12
230;,49
231;
232;49
233;234;60
235;
236;or,12
237;r,12
238;rofessor,32
239;rofessor,32
240;ssor,32
241;or,32
242;,22
243;
244;5
245;r,32
246;247;6
248;
249;250;32
251;
252;r,47
253;er,10
254;255;r,47
256;
257;stics Supervisor,38
258; Supervisor,38
259;rvisor,38
260;rvisor,38
261;62
262;2
263;1
264;
265;266;267;,38
268;tor,19
269;270;
271;or,48
272;48
273;st,15
274;,38
275;,38
276;fessor,22
277;
278;cs Supervisor,43
279;3
280;
281;282;r,54
283;r,54
284;
285;,13
286;
287;s Supervisor,39
288;
289;
290;visor,13
291;isor,13
292;
293;294;67
295;
296;297;gist,45
298;sor,13
299;4
300;sor,13
301;ineer,45
302;13
303;nistrator,52
304;trator,52
305;52
306;r,60
307;2
308;
309;
310;ainee,10
311;312;or,12
313;
314;315;
316;317;ger,51
318;1
319;1
320;3
321;
322;1
323;ctor,21
324;ctor,21
325;ctor,21
326;327;ctor,21
328;329;330;r,49
331;8
332;9
333;0
334;9
335;42
336;
337;1
338;2
339;2
340;23
341;342;
343;2
344;345;346;
347;348;349;10
350;
351;
352;r,32
353;3
354;
355;40
356;
357;er,60
358;
359;1
360;
361;  Advisor,19
362;dvisor,19
363;
364;365;31
366;,13
367;er,44
368;13
369;29
370;
371;nt,43
372;373;f,36
374;
375;
376;
377;
378;loper,22
379;,22
380;,22
381;
382;3
383;3
384;
385;
386;
387;r,47
388;,43
389;
390;47
391;
392;
393;
394;395;
396;397;398;trator,62
399;
400;resentative,46
401;tive,46
402;5
403;ive,46
404;405;ve,46
406;ter,14
407;
408;r,14
409;
410;resentative,60
411;tative,60
412;ger,41
413;414;tive,60
415;
416;41
417;,60
418;
419;,58
420;,58
421;422;58
423;424;,61
425;426;
427;60
428;0
429;ecialist,38
430;8
431;,16
432;st,65
433;65
434;65
435;
436;
437;or,13
438;d,11
439;
440;sor,67
441;
442;443;444;0
445;anager,32
446;447;resentative,36
448;entative,36
449;
450;strator,61
451;61
452;ator,61
453;or,61
454;taff,15
455;
456;,66
457;6
458;
459;st,35
460;461;
462;neer,37
463;
464;465;5
466;467;,45
468;
469;470;
471;472;473;
474;
475;oper,49
476;
477;
478;or,51
479;8
480;51
481;ctor,12
482;1
483;tor,10
484;1
485;10
486;
487;1
488;er,23
489;er,23
490;,23
491;,23
492;493;cator,63
494;3
495;496;497;
498;
499;
500;,27
501;r,69
502;
503;504;1
505;ager,59
506;ger,59
507;
508;509;,52
510;
511;,51
512;,30
513;1
514;
515;516;1
517;518;519;
520;521;tant,14
522;
523;dvisor,61
524;
525;anager,15
526;,15
527;
528;r,30
529;
530;531;or,69
532;9
533;534;
535;r,34
536;9
537;
538;upervisor,49
539;540;,21
541;
542;st,29
543;544;545;
546;
547;,29
548;549;
550;29
551;29
552;r,47
553;
554;ordinator,14
555;r,14
556;,14
557;,65
558;6
559;
560;or,62
561;3
562;2
563;,11
564;
565;566;an,55
567;568;
569;
570;,22
571;
572; Supervisor,42
573;pervisor,42
574;isor,42
575;42
576;hnician,47
577;ician,47
578;579;nsultant,66
580;
581;
582;42
583; Technician,20
584;an,20
585;n,20
586;
587;
588;,10
589;st,68
590;
591;592;593;rator,35
594;5
595;596;st,58
597;8
598;t Staff,29
599;f,29
600;
601;
602;603; Supervisor,26
604;ervisor,26
605;isor,26
606;isor,26
607;r,30
608;,26
609;essor,36
610;or,36
611;
612;nician,58
613;8
614;28
615;
616;
617;
618;
619;
620;
621;visor,59
622;
623;neer,27
624;7
625;,19
626;627;4
628;
629;,18
630;631;632;41
633;634;635;68
636;
637;tor,48
638;
639;
640;r,23
641;642;8
643;
644;645;
646;9
647;cian,66
648;an,66
649;650;,26
651;
652;,28
653;
654;
655;656;r,56
657;,56
658;,56
659;ist,33
660;6
661;662;,26
663;tor,65
664;r,65
665;
666;er,59
667;668;5
669;5
670;3
671;672;st,22
673;st,22
674;
675;ger,12
676;
677;,68
678;679;680;681;
682;683;5
684;685;686;26
687;hnician,24
688;,24
689;
690;32
691;
692;24
693;
694;chnician,37
695;cian,37
696;697;698;
699;r,37
700;,37
701;
702;ker,60
703;
704;,13
705;3
706;
707;708;26
709;rdinator,41
710;dinator,41
711;6
712;re Specialist,34
713;34
714;,51
715;
716;
717;
718;n,40
719;
720;
721;
722;pervisor,41
723;,41
724;
725;,41
726;st,56
727;
728;se,52
729;,52
730;
731;52
732;2
733;2
734;735;2
736;7
737;7
738;
739;or,65
740;
741;,35
742;743;
744;nee,30
745;746;4
747;4
748;,59
749;
750;751;gineer,34
752;neer,34
753;,34
754;
755;1
756;,17
757;
758;r,14
759;760;
761;r,24
762;9
763;
764;
765;r,46
766;,24
767;768;769;ialist,48
770;t,48
771;772;e,62
773;hnician,49
774;,49
775;,68
776;
777; Supervisor,29
778;visor,29
779;r,29
780;9
781;64
782;,16
783;64
784;
785;
786; Broker,14
787;
788;esk Coordinator,62
789;tor,62
790;0
791;
792;793;0
794;
795;4
796;
797;
798;f,55
799;f,55
800;801;
802;ator,31
803;
804;805;
806;ess Broker,56
807;808;visor,61
809;
810;1
811;812;8
813;or,14
814;,14
815;8
816;817;,56
818;
819;820;821;
822;,51
823;
824;or,51
825;,11
826;
827;51
828;
829;
830;strator,50
831;
832;0
833;ainter,21
834;
835;21
836;
837;Trainee,36
838;,36
839;
840;
841;842;9
843;6
844;
845;846;ive,51
847;16
848;16
849;
850;
851;nager,56
852;56
853;nee,29
854;
855;856;ger,35
857;5
858;
859;
860;
861;an,59
862;
863;
864;
865;isor,11
866;
867;
868;
869;r,38
870;
871;er,31
872;
873;
874;
875;
876;tor,32
877;
878;49
879;
880;
881;
882;53
883;
884;
885;r,62
886;2
887;,24
888;
889;
890;
891;presentative,53
892;
893;
894;t,19
895;e,27
896;897;ainter,31
898;899;0
900;
901;36
902;anager,24
903;
904;
905;
906;cialist,64
907;
908;sor,59
909;32
910;911;912;2
913;eer,67
914;r,59
915;chnician,32
916;ician,32
917;
918;
919;920;ician,32
921;ian,32
922;32
923;,43
924;10
925;,59
926;alist,37
927;,37
928;ector,67
929;
930;
931;,59
932;e Specialist,20
933;ist,20
934;
935;2
936;
937;59
938;strator,68
939;
940;tor,68
941;r,68
942;
943;n,60
944;60
945;0
946;ofessor,32
947;ssor,32
948;r,32
949;er,29
950;,32
951;32
952;2
953; Staff,33
954;,33
955;956;r,23
957;23
958;17
959;3
960;nager,12
961;,12
962;963;
964;
965;
966;ter,64
967;
968; Buyer,60
969;er,60
970;er,60
971;4
972;0
973;
974;35
975;
976;5
977;
978;t,44
979;
980;sentative,28
981;,21
982;tive,28
983;65
984;,16
985;ive,28
986;27
987;yer,54
988;989;,40
990;40
991;
992;ve,28
993;trator,59
994;or,59
995;59
996;,24
997;24
998;
999;isor,42
1000;8
1001;cian,55
1002;
1003;
1004;
1005;rdinator,24
1006;ator,24
1007;ator,24
1008;
1009;24
1010;24
1011;
1012;,12
1013;
1014;24
1015;
1016;
1017;,19
1018;eer,51
1019;1
1020;1021;r,40
1022;
1023;9
1024;1025;
1026;tive,52
1027;r,58
1028;ve,52
1029;
1030;2
1031;58
1032;58
1033;,28
1034;1035;8
1036;8
1037;4
1038;4
1039;
1040;58
1041;
1042;2
1043;fessor,68
1044;1045;1046;
1047;1048;sor,55
1049;1050;,55
1051;55
1052;1053;
1054;se,46
1055;
1056;inter,57
1057;
1058;42
1059;
1060;onsultant,12
1061;sultant,12
1062;nt,12
1063;1064;entative,18
1065;entative,18
1066;ve,18
1067;1068;
1069;cian,37
1070;1071;ician,20
1072;
1073;
1074;1075;
1076;
1077;1078;cian,20
1079;3
1080;
1081;20
1082;ager,37
1083;7
1084;5
1085;1086;1087;
1088;
1089;ff,13
1090;20
1091;1092;1093;,65
1094;65
1095;0
1096;isor,30
1097;
1098;30
1099;
1100;30
1101;neer,41
1102;
1103;
1104;33
1105;3
1106;
1107;1108;nee,68
1109;1110;1111;3
1112;isor,18
1113;
1114;rofessor,64
1115;ssor,64
1116;64
1117;,61
1118;
1119;
1120;
1121;or,12
1122;r,12
1123;r,12
1124;
1125;ker,29
1126;ker,29
1127;
1128;t,19
1129;1130;1131;1132;cs Supervisor,51
1133;visor,51
1134;Nurse,44
1135;,44
1136;isor,51
1137;3
1138;5
1139;
1140;isor,51
1141;r,16
1142;sor,51
1143;ector,24
1144;ector,24
1145;
1146;ineer,30
1147;1148;
1149;
1150;1151;sor,51
1152;,51
1153;,15
1154;5
1155;
1156;64
1157;
1158;
1159;,51
1160;r,58
1161;1162;1
1163;
1164;
1165;8
1166;
1167;or,47
1168;r,47
1169;1170;11
1171;1172;
1173;
1174;
1175;,25
1176;,56
1177;,56
1178;5
1179;
1180;5
1181;34
1182;
1183;42
1184;,27
1185;1186;1187;,51
1188;26
1189;65
1190;
1191;
1192;
1193;1194;ant,24
1195;dic,34
1196;24
1197;r,32
1198;
1199;1200;sor,17
1201;,17
1202;
1203;1204;1205;
1206;f,60
1207;1208;r,10
1209;r,10
1210;1211;r,63
1212;,63
1213;1
1214;nician,33
1215;33
1216;sor,46
1217;3
1218;Buyer,18
1219;3
1220;rector,35
1221;5
1222;1223;,24
1224;
1225;
1226;inator,35
1227;ator,35
1228;
1229;
1230;
1231;41
1232;13
1233;1234;
1235;41
1236;essor,19
1237;,19
1238;1239;r,61
1240;61
1241;1
1242;6
1243;
1244;
1245;
1246;
1247;1248;entative,10
1249;ntative,10
1250;
1251;
1252;1253;39
1254;39
1255;tative,10
1256;ative,10
1257;21
1258;1259;tive,10
1260;r,15
1261;15
1262;
1263;n,29
1264;
1265;1266;10
1267;Professor,64
1268;4
1269;38
1270;
1271;eer,51
1272;51
1273;4
1274;1275;ist,69
1276;1277;1278;visor,53
1279;visor,53
1280;r,53
1281;3
1282;1283;6
1284;
1285;1286;6
1287;
1288;
1289;,53
1290;ainter,60
1291;
1292;,53
1293;Advisor,34
1294;,34
1295;tor,24
1296;4
1297;
1298;0
1299;,53
1300;n,30
1301;,48
1302;,30
1303;,30
1304;
1305;
1306;
1307;
1308;
1309;3
1310;1311;43
1312;,19
1313;1314;,50
1315;1316;
1317;1318;1319;r,16
1320;1321;1322;
1323;9
1324;or,15
1325;
1326;eloper,64
1327;
1328;1329;45
1330;
1331;1332;ist,36
1333;36
1334;1335;
1336;
1337;
1338;1339;1340;ker,12
1341;,12
1342;12
1343;
1344;
1345;1346;nician,55
1347;n,55
1348;46
1349;55
1350;
1351; Technician,27
1352;,27
1353;or,53
1354;27
1355;ist,47
1356;47
1357;
1358;
1359;
1360;
1361;t,61
1362;
1363;1364;k Coordinator,23
1365;rdinator,23
1366;nator,23
1367;1368;,23
1369;,23
1370;ecialist,42
1371;,23
1372;cialist,11
1373;,23
1374;ician,66
1375;5
1376;cian,66
1377;
1378;5
1379;sor,16
1380;6
1381;6
1382;
1383;
1384;
1385;
1386;1387;8
1388;
1389;an,66
1390;66
1391;ator,51
1392;66
1393;1394;4
1395;1396;,28
1397;st,23
1398;
1399;ian,47
1400;ian,47
1401;,47
1402;,47
1403;r,14
1404;
1405;visor,27
1406;st,68
1407;isor,27
1408;essor,14
1409;4
1410;r,27
1411;r,60
1412;1413;t,43
1414;,60
1415;1416;
1417;
1418;
1419;
1420;1421;,27
1422;dinator,33
1423;33
1424; Painter,12
1425;1426;nistrator,37
1427;
1428;,49
1429;1430;
1431;
1432;ager,65
1433;65
1434;5
1435;5
1436;
1437;1438;,60
1439;ssor,44
1440;1441;ervisor,36
1442;rvisor,36
1443;8
1444;3
1445;1446;8
1447;8
1448;
1449;1450;6
1451;Professor,56
1452;rofessor,56
1453;6
1454;42
1455;,54
1456;4
1457;2
1458;1459;,44
1460;1461;r,58
1462;
1463;1464;r,48
1465;
1466;
1467;t,19
1468;
1469;6
1470;6
1471;rdinator,64
1472;inator,64
1473;,64
1474;
1475;64
1476;4
1477;
1478;r,62
1479;
1480;
1481;6
1482;ator,16
1483;er,13
1484;6
1485;1486;fessor,45
1487;1488;
1489;1490;Broker,55
1491;6
1492;echnician,45
1493;,45
1494;
1495;45
1496;,57
1497;r,29
1498;1499;
1500;
1501;7
1502;1503;er,57
1504;
1505;
1506;cer,31
1507;1
1508;
1509;dvisor,16
1510;sor,16
1511;
1512;1
1513;r,49
1514;49
1515;6
1516;
1517;
1518;
1519;
1520;1521;,50
1522;1523;1524;visor,40
1525;
1526;1527;,40
1528;t  Advisor,52
1529;
1530;r,59
1531;,40
1532;ordinator,41
1533;tor,41
1534;0
1535;,41
1536;,41
1537;oker,13
1538;er,13
1539;
1540;7
1541;1542;34
1543;41
1544;49
1545;43
1546;1547;1548;1549;
1550;38
1551;
1552;
1553;
1554;rvisor,46
1555;isor,46
1556;1557;
1558;ician,48
1559;1560;1561;an,48
1562;8
1563;25
1564;8
1565;1566;1567;echnician,32
1568;
1569;sor,26
1570;
1571;r,26
1572;,26
1573;
1574;,35
1575;
1576;
1577;1
1578;
1579;1580;
1581;1582;r,56
1583;4
1584;4
1585;4
1586;
1587;
1588;,54
1589;1590;,40
1591;cialist,68
1592;cialist,68
1593;list,68
1594;7
1595;
1596;
1597;1598;resentative,34
1599;resentative,34
1600;ive,34
1601;nt,28
1602;nt,28
1603;nt,28
1604;
1605;1606;
1607;
1608;67
1609;
1610;67
1611;e,34
1612;,38
1613;,36
1614;
1615;1616;oker,15
1617;
1618;r,27
1619;7
1620;
1621;1622;
1623;13
1624;1625;er,42
1626;2
1627;3
1628;
1629;
1630;
1631;51
1632;
1633;
1634;27
1635;
1636;ative,23
1637;ive,23
1638;,39
1639;
1640;pervisor,12
1641;r,12
1642;
1643;
1644;
1645;
1646;ive,28
1647;r,38
1648;1649;
1650;,66
1651;1652;
1653;
1654;
1655;ve,69
1656;
1657;49
1658;1659;e,69
1660;
1661;ainter,31
1662;nter,31
1663;r,31
1664;20
1665;31
1666;
1667;er,21
1668;69
1669;55
1670;1671;55
1672;1673;dvisor,15
1674;5
1675;54
1676;5
1677;1678;
1679;13
1680;1681;9
1682;cialist,66
1683;1684;,66
1685;1686;
1687;,66
1688;17
1689;17
1690;6
1691;66
1692;st,35
1693;,35
1694;
1695;1696;5
1697;
1698;20
1699;
1700;,12
1701;5
1702;r,54
1703;
1704;r,54
1705;st,39
1706;39
1707;
1708;r,25
1709;9
1710;5
1711; Nurse,29
1712;se,29
1713;se,29
1714;se,29
1715;
1716;,52
1717;35
1718;
1719;
1720;
1721;7
1722;1723;,43
1724;43
1725;1726;er,14
1727;
1728;,58
1729;9
1730;nistrator,44
1731;
1732;nistrator,44
1733;4
1734;
1735;50
1736;1737;1738;9
1739;52
1740;13
1741;2
1742;1743;66
1744;r,64
1745;9
1746;nistrator,31
1747;rator,31
1748;r,31
1749;ist,47
1750;,31
1751;,31
1752;tor,55
1753;
1754;
1755;1
1756;t,54
1757;,54
1758;4
1759;
1760;4
1761;e,49
1762;
1763;4
1764;57
1765;
1766;1767;ive,39
1768;e,15
1769;5
1770;
1771;39
1772;rator,68
1773;
1774;Specialist,38
1775;
1776;st,38
1777;8
1778;logist,11
1779;st,11
1780;
1781;1782;1783; Technician,67
1784;nician,67
1785;1786;67
1787;ker,65
1788;
1789;rator,11
1790;,11
1791;,32
1792;
1793;1794;11
1795;tor,18
1796;8
1797;1798;32
1799;epresentative,58
1800;ative,58
1801;
1802;1803;5
1804;1805;,58
1806;
1807;ainter,58
1808;
1809;1810;1
1811;,58
1812;
1813;
1814;58
1815;eer,64
1816;r,64
1817;r,64
1818;58
1819;9
1820;1821;
1822;8
1823;ineer,53
1824;1825;1826;or,12
1827;visor,32
1828;1829;or,12
1830;0
1831;0
1832;9
1833;1834;rector,40
1835;,40
1836;3
1837;r,12
1838;
1839;sor,64
1840;
1841;or,64
1842;1843;1844;ector,40
1845;,40
1846;59
1847;59
1848;12
1849;alist,63
1850;,63
1851;
1852;er,15
1853;1854;ator,54
1855;
1856;tor,54
1857;3
1858;,54
1859;40
1860;1861;
1862;
1863;
1864;30
1865;
1866;
1867;
1868;1869;,54
1870; Broker,62
1871;r,62
1872;6
1873;54
1874;
1875;
1876;ator,35
1877;1878;1879;35
1880;3
1881;1882;5
1883;
1884;
1885;tive,38
1886;59
1887;1888;r,26
1889;
1890;t,11
1891;8
1892;63
1893;or,25
1894;25
1895;2
1896;
1897;
1898;1899;1900;Painter,50
1901;ter,50
1902;1903;0
1904;0
1905;
1906;1907;nter,11
1908;r,11
1909;
1910;68
1911;,41
1912;
1913;1914;r,25
1915;1916;ector,19
1917;
1918;tor,49
1919;1920;1921;isor,59
1922;1923;
1924;1925;ive,11
1926;e,11
1927;logist,39
1928;gist,39
1929;1930;echnician,36
1931;chnician,36
1932;
1933;nician,36
1934;4
1935;6
1936;
1937;6
1938;
1939;1940;1941;t,30
1942;30
1943;0
1944;st,45
1945;1946; Supervisor,61
1947; Supervisor,61
1948;Supervisor,61
1949;45
1950;1951;ervisor,61
1952;Painter,40
1953;1954;or,56
1955;1956;
1957;1958;
1959;61
1960;tics Supervisor,62
1961;rvisor,62
1962;sor,62
1963;f,27
1964;,62
1965;,62
1966;2
1967;inator,25
1968;or,25
1969;
1970;eloper,36
1971;6
1972;rse,67
1973;
1974;2
1975;
1976;26
1977;26
1978;62
1979;
1980;1981;61
1982;sentative,45
1983;,45
1984; Engineer,18
1985;er,18
1986;1987;
1988;45
1989;essor,33
1990;40
1991;sor,33
1992;or,33
1993;t,67
1994;
1995;5
1996;1997;,63
1998;45
1999;ant Manager,68
2000;ant Manager,68
2001;45
2002;
2003;tor,53
2004;r,53
2005;33
2006;
2007;,53
2008;
2009;ector,65
2010;2011;list,29
2012;list,29
2013;9
2014;taff,48
2015;2016;
2017;r,39
2018;
2019;
2020;
2021;39
2022;65
2023;9
2024;tor,33
2025;r,33
2026;2027;r,23
2028;2029;2030;oker,52
2031;9
2032;ainter,40
2033;0
2034;
2035;onsultant,64
2036;tant,64
2037;2038;visor,63
2039;63
2040;ector,27
2041;r,27
2042;,27
2043;2044;2045;s Supervisor,61
2046;
2047;pervisor,61
2048;f,33
2049;pervisor,61
2050;,20
2051;,58
2052;20
2053;
2054;2055;5
2056;
2057;
2058;
2059;pervisor,61
2060;roker,26
2061;26
2062;ervisor,61
2063;sor,19
2064;2
2065;
2066;rvisor,61
2067;rator,66
2068;or,66
2069;6
2070;
2071;r,16
2072;6
2073;2074;gist,65
2075;2076;sor,61
2077;r,69
2078;er,34
2079;r,61
2080;or,61
2081;
2082;
2083;r,52
2084;
2085;tant Buyer,34
2086;r,34
2087;
2088;
2089;epresentative,27
2090;resentative,27
2091;ntative,27
2092;tative,27
2093;12
2094;
2095;ive,27
2096;or,15
2097;
2098;neer,64
2099;eer,64
2100;2101;2102;e,60
2103;
2104;
2105;
2106;49
2107;2108;
2109;2110;
2111;2112;2113;r,65
2114;ve,27
2115;gist,63
2116;ist,63
2117;st,63
2118;ve,27
2119;cian,48
2120;
2121;8
2122;
2123;
2124;
2125;2126;e,27
2127;,30
2128;
2129;
2130;
2131;presentative,43
2132;2133;tics Supervisor,25
2134;5
2135;pervisor,60
2136;rvisor,60
2137;isor,60
2138;
2139;isor,60
2140;
2141;e,22
2142;,22
2143;
2144;isor,60
2145;or,60
2146;st,16
2147;,68
2148;or,60
2149;r,29
2150;
2151;
2152;or,60
2153;2154;9
2155;
2156;
2157;
2158;2159;,68
2160;
2161;
2162;2163;2164;eer,22
2165;er,22
2166;or,60
2167;r,60
2168;sor,24
2169;
2170;,60
2171;pervisor,17
2172;
2173;r,17
2174;r,17
2175;2176;2177;
2178;
2179;cian,27
2180;,27
2181;r,63
2182;
2183;7
2184;isor,60
2185;
2186;60
2187;yst,37
2188;37
2189;7
2190;
2191;2192;
2193;
2194;48
2195;7
2196;
2197;e,44
2198;
2199;
2200;sor,26
2201;,26
2202;0
2203;,26
2204;,20
2205;
2206;,44
2207;,44
2208;r,21
2209;2210;
2211;2212;
2213;,44
2214;64
2215;4
2216;4
2217;57
2218;,44
2219;rant Manager,21
2220;
2221;or,56
2222;
2223;50
2224;
2225;50
2226;2227;e Professor,11
2228;Professor,11
2229;
2230;
2231;
2232;
2233;
2234;
2235;nager,68
2236;
2237;r,59
2238;2239;
2240;2241;Manager,20
2242;
2243;20
2244;7
2245;
2246;
2247;2248;
2249;2250;2251;
2252;2253;,11
2254;
2255;
2256;
2257;ff,31
2258;2259;er,62
2260;er,62
2261;2262;irector,16
2263;tor,16
2264;or,16
2265;25
2266;
2267;
2268;se,23
2269;1
2270;2271;,66
2272;er,21
2273;66
2274;
2275;9
2276;2277;,44
2278;ician,60
2279;
2280;s Supervisor,68
2281;2282; Supervisor,68
2283;
2284;upervisor,68
2285;2286;2287;2288;
2289;2290;or,68
2291;
2292;57
2293;2294;
2295;2296;2297;2298;Manager,41
2299;ger,41
2300;
2301;2302;or,52
2303;
2304;or,29
2305;r,29
2306;
2307;rdinator,18
2308;
2309;49
2310;or,63
2311;
2312;aff,38
2313;2314;
2315;
2316;ineer,23
2317;
2318;12
2319;
2320;16
2321;2322;or,63
2323;2324;r,47
2325;2326;2327;
2328;r,20
2329;
2330;cian,34
2331;t,42
2332;t,42
2333;cian,34
2334;n,34
2335;6
2336;
2337;,32
2338;n,34
2339;
2340;ician,14
2341;cian,14
2342;
2343;
2344;ff,36
2345;f,36
2346;,36
2347;,36
2348;,62
2349;6
2350;
2351;,23
2352;
2353;2354;2355;2356;18
2357;18
2358;
2359;f,66
2360;
2361;2362;2363;
2364;sor,13
2365;13
2366;
2367;2368;inter,12
2369;r,12
2370;2371;isor,59
2372;
2373;59
2374;e,54
2375;
2376;2377;visor,63
2378;
2379;isor,63
2380;63
2381;
2382;
2383;13
2384;65
2385;
2386;ker,46
2387;
2388;nter,40
2389;ter,40
2390;,40
2391;0
2392;0
2393;
2394;
2395;r,43
2396;
2397;visor,19
2398;
2399;2400;visor,19
2401;35
2402;visor,19
2403;ucator,18
2404;r,18
2405;isor,19
2406;sor,19
2407;
2408;r,32
2409;,32
2410;2411;sor,19
2412;er,56
2413;
2414;
2415;rse,39
2416;2417;9
2418;or,19
2419;37
2420;37
2421;er,29
2422;
2423;4
2424;4
2425;r,19
2426;,44
2427;
2428;r,19
2429;sultant,55
2430;
2431;inter,13
2432;,19
2433;or,66
2434;
2435;
2436;
2437;6
2438;6
2439;
2440;2441;2442;2443;
2444;65
2445;65
2446;
2447;
2448;9
2449;2450;2451;2452;2453;ltant,54
2454;ant,54
2455;55
2456;54
2457;54
2458;f,14
2459;4
2460;isor,40
2461;sor,40
2462;
2463;isor,13
2464;3
2465;
2466;9
2467;,69
2468;,19
2469;,18
2470;ator,67
2471;ator,67
2472;8
2473;
2474;
2475;18
2476;st,23
2477;5
2478;8
2479;
2480;,13
2481;
2482;Manager,56
2483;56
2484;6
2485;2486;re Engineer,62
2487;62
2488;r,61
2489;3
2490;
2491;2492;2493;ff,25
2494;f,25
2495;
2496;ator,24
2497;r,46
2498;46
2499;2500;
2501;Consultant,19
2502;19
2503;er,49
2504;
2505;34
2506;
2507;14
2508;
2509;
2510;16
2511;
2512;
2513;
2514;
2515;ent  Advisor,32
2516;
2517;presentative,29
2518;2519;2520;2521;25
2522;resentative,29
2523;ive,29
2524;,57
2525;
2526;0
2527;ive,29
2528;f,21
2529;
2530;1
2531;
2532;e,59
2533;29
2534;
2535;ainter,39
2536;39
2537;
2538;trator,24
2539;4
2540;30
2541;4
2542;t,52
2543;
2544;cian,57
2545;7
2546;t,67
2547;
2548;,44
2549;2550;8
2551;or,23
2552;8
2553;9
2554;,17
2555;2556;2557;or,33
2558;alist,50
2559;2560;or,28
2561;2562;
2563;
2564;60
2565;
2566;
2567;
2568;
2569;or,33
2570;r,36
2571;
2572;visor,23
2573;or,33
2574;3
2575;st,32
2576;or,33
2577;nician,53
2578;,53
2579;r,12
2580;
2581;12
2582;2583;sor,55
2584;or,33
2585;tor,54
2586;
2587;3
2588;Representative,68
2589;ative,68
2590;ive,68
2591;
2592;2593;r,38
2594;r,38
2595;38
2596;2597;2598;,60
2599;ve,68
2600;ist,57
2601;ve,68
2602;ve,68
2603;
2604;2605;
2606;
2607;3
2608;2609;2610;2611;3
2612;
2613;essor,51
2614;,51
2615;1
2616;
2617;1
2618;
2619;
2620;r,12
2621;12
2622;12
2623;
2624;tant,54
2625;6
2626;
2627;17
2628;
2629;inator,57
2630;ator,57
2631;2632;
2633;2634;15
2635;
2636;nator,41
2637;1
2638;,10
2639;
2640;lyst,57
2641;t,57
2642;2643;visor,34
2644;34
2645;
2646;39
2647;2648;39
2649;r,38
2650;
2651;
2652;
2653;2654;61
2655;,41
2656;2657;6
2658;or,14
2659;r,14
2660;
2661;
2662;visor,48
2663;,15
2664;or,48
2665;,28
2666;
2667;nee,64
2668;2669;r,48
2670;ssor,41
2671;,41
2672;
2673;r,48
2674;
2675;64
2676;2677;er,45
2678;5
2679;
2680;r,68
2681;
2682;yer,47
2683;yer,47
2684;yer,47
2685;r,48
2686;or,38
2687;,48
2688;t,40
2689;5
2690;5
2691;
2692;
2693;s Supervisor,11
2694;6
2695;
2696;sor,11
2697;sor,11
2698;er,44
2699;
2700;
2701;sor,11
2702;
2703;24
2704;24
2705;1
2706;2707;resentative,33
2708;2709;2710;2711;entative,33
2712;e,33
2713;2714;ist,41
2715;e,33
2716;irector,48
2717;ctor,48
2718;
2719;
2720;
2721;6
2722;
2723;1
2724;
2725;rdinator,44
2726;8
2727;rdinator,44
2728;3
2729;3
2730;
2731;24
2732;ator,33
2733;33
2734;33
2735;
2736;24
2737;,56
2738;56
2739;
2740;r,12
2741;2742;
2743;cian,19
2744;
2745;n,19
2746;2747;pervisor,62
2748;visor,62
2749;2
2750;inistrator,35
2751;inistrator,35
2752;or,35
2753;,24
2754;,24
2755;24
2756;2757;46
2758;4
2759;2760;,35
2761;
2762;0
2763;2
2764;2765;
2766;ecialist,30
2767;alist,30
2768;30
2769;
2770;
2771;st,19
2772;47
2773;7
2774;
2775;,16
2776;
2777;
2778;2779;,19
2780;
2781;,25
2782; Nurse,63
2783;urse,63
2784;5
2785;2786;
2787;eveloper,62
2788;2
2789;2
2790;
2791;rse,31
2792;
2793;
2794;2
2795;ctor,48
2796;
2797;
2798;2
2799;
2800;
2801;
2802;ultant,40
2803;,44
2804;2805;2806;tant,40
2807;
2808;
2809;0
2810;
2811;t,46
2812;
2813;tor,35
2814;,35
2815;
2816;e,19
2817;
2818;2819;2820;roker,69
2821;
2822;
2823;pervisor,18
2824;or,18
2825;ger,19
2826;r,19
2827;,18
2828;Broker,38
2829;38
2830;18
2831;dinator,27
2832;
2833;6
2834;dinator,58
2835;or,58
2836;2837;visor,57
2838;2839;2840;or,57
2841;visor,61
2842;2843;,57
2844;oordinator,43
2845;oordinator,43
2846;,43
2847;r,36
2848;
2849;,57
2850;ist,63
2851;t,63
2852;
2853;e,21
2854;8
2855;,14
2856;2857;8
2858;1
2859;tor,32
2860;
2861;28
2862;8
2863;
2864;
2865;7
2866;r,36
2867;,36
2868;
2869;1
2870;
2871;2872;se,34
2873;se,34
2874;
2875;
2876;2877;
2878;ultant,34
2879;,34
2880;,60
2881;2882;
2883; Advisor,24
2884;Advisor,24
2885;2886;nt,69
2887;69
2888;
2889;ltant,57
2890;2891;istics Supervisor,64
2892;ics Supervisor,64
2893;ics Supervisor,64
2894;pervisor,64
2895;59
2896;2897;
2898;
2899;visor,64
2900;Broker,55
2901;isor,64
2902;nt,16
2903;5
2904;r,64
2905;rator,30
2906;
2907;
2908;isor,33
2909;33
2910;
2911;6
2912;6
2913;oper,26
2914;
2915;19
2916;
2917;
2918;ant,34
2919;9
2920;
2921;ive,66
2922;66
2923;2924;sentative,48
2925;tative,48
2926;2927;ve,48
2928;,17
2929;46
2930;
2931;sor,28
2932;r,28
2933;2934;8
2935;
2936;2937;r Representative,23
2938; Representative,23
2939;ntative,23
2940;2941;t,22
2942;t,22
2943;ative,23
2944;
2945;r,26
2946;
2947;,23
2948;strator,14
2949;4
2950;
2951;2952;visor,25
2953;,50
2954;,50
2955;3
2956;,50
2957;25
2958;
2959;Coordinator,51
2960;
2961;2962;Specialist,28
2963;
2964;
2965;
2966;ineer,67
2967;r,67
2968;7
2969;2970;neer,29
2971;9
2972;or,60
2973;or,60
2974;
2975;
2976;ofessor,26
2977;sor,26
2978;
2979;2980;r,26
2981;neer,15
2982;26
2983;2984;visor,21
2985;nator,16
2986;or,16
2987;
2988;
2989;16
2990;6
2991;
2992;21
2993;tor,28
2994;2
2995;2996;
2997;8
2998;2999;28
3000;,26
